-- phpMyAdmin SQL Dump
-- version 5.2.0
-- https://www.phpmyadmin.net/
--
-- Host: 127.0.0.1
-- Generation Time: Jul 02, 2022 at 05:40 PM
-- Server version: 10.4.24-MariaDB
-- PHP Version: 7.4.29

SET SQL_MODE = "NO_AUTO_VALUE_ON_ZERO";
START TRANSACTION;
SET time_zone = "+00:00";


/*!40101 SET @OLD_CHARACTER_SET_CLIENT=@@CHARACTER_SET_CLIENT */;
/*!40101 SET @OLD_CHARACTER_SET_RESULTS=@@CHARACTER_SET_RESULTS */;
/*!40101 SET @OLD_COLLATION_CONNECTION=@@COLLATION_CONNECTION */;
/*!40101 SET NAMES utf8mb4 */;

--
-- Database: `smk_yappa1`
--

-- --------------------------------------------------------

--
-- Table structure for table `t_absen`
--

CREATE TABLE `t_absen` (
  `nis_siswa` int(30) NOT NULL,
  `hadir` int(30) NOT NULL,
  `izin` int(10) NOT NULL,
  `sakit` int(10) NOT NULL,
  `tanpa_keterangan` int(30) NOT NULL,
  `jumlah_kehadiran` int(10) NOT NULL,
  `tanggal` date NOT NULL
) ENGINE=InnoDB DEFAULT CHARSET=utf8mb4;

--
-- Dumping data for table `t_absen`
--

INSERT INTO `t_absen` (`nis_siswa`, `hadir`, `izin`, `sakit`, `tanpa_keterangan`, `jumlah_kehadiran`, `tanggal`) VALUES
(192010001, 0, 1, 1, 1, 1, '0000-00-00'),
(192010003, 0, 1, 1, 1, 1, '0000-00-00'),
(192010004, 0, 1, 1, 1, 1, '0000-00-00'),
(192010005, 0, 1, 1, 1, 1, '0000-00-00'),
(192010006, 0, 1, 1, 1, 1, '0000-00-00'),
(192010007, 0, 1, 1, 1, 1, '0000-00-00'),
(192010008, 0, 1, 1, 1, 1, '0000-00-00'),
(192010009, 0, 1, 1, 1, 1, '0000-00-00'),
(192010010, 0, 1, 1, 1, 1, '0000-00-00'),
(192010011, 0, 1, 1, 1, 1, '0000-00-00'),
(192010012, 0, 1, 1, 1, 1, '0000-00-00'),
(192010013, 0, 1, 1, 1, 1, '0000-00-00'),
(192010014, 0, 1, 1, 1, 1, '0000-00-00'),
(192010015, 0, 1, 1, 1, 1, '0000-00-00'),
(192010016, 0, 1, 1, 1, 1, '0000-00-00'),
(192010017, 0, 1, 1, 1, 1, '0000-00-00'),
(192010018, 0, 1, 1, 1, 1, '0000-00-00'),
(192010019, 0, 1, 1, 1, 1, '0000-00-00'),
(192010020, 0, 1, 1, 1, 1, '0000-00-00'),
(192010021, 0, 1, 1, 1, 1, '0000-00-00'),
(192010022, 0, 1, 1, 1, 1, '0000-00-00'),
(192010023, 0, 1, 1, 1, 1, '0000-00-00'),
(192010024, 0, 1, 1, 1, 1, '0000-00-00'),
(192010025, 0, 1, 1, 1, 1, '0000-00-00'),
(192010026, 0, 1, 1, 1, 1, '0000-00-00'),
(192010027, 0, 1, 1, 1, 1, '0000-00-00'),
(192010028, 0, 1, 1, 1, 1, '0000-00-00'),
(192010029, 0, 1, 1, 1, 1, '0000-00-00'),
(192010030, 0, 1, 1, 1, 1, '0000-00-00'),
(192010031, 0, 1, 1, 1, 1, '0000-00-00'),
(192010033, 0, 1, 1, 1, 1, '0000-00-00'),
(192010034, 0, 1, 1, 1, 1, '0000-00-00'),
(192010035, 0, 1, 1, 1, 1, '0000-00-00'),
(192010036, 0, 1, 1, 1, 1, '0000-00-00'),
(192010037, 0, 1, 1, 1, 1, '0000-00-00'),
(192010038, 0, 1, 1, 1, 1, '0000-00-00'),
(192010039, 0, 1, 1, 1, 1, '0000-00-00'),
(192010040, 0, 1, 1, 1, 1, '0000-00-00'),
(192010041, 0, 1, 1, 1, 1, '0000-00-00'),
(192010042, 0, 1, 1, 1, 1, '0000-00-00'),
(192010043, 0, 1, 1, 1, 1, '0000-00-00'),
(192010044, 0, 1, 1, 1, 1, '0000-00-00'),
(192010045, 0, 1, 1, 1, 1, '0000-00-00'),
(192010046, 0, 1, 1, 1, 1, '0000-00-00'),
(192010047, 0, 1, 1, 1, 1, '0000-00-00'),
(192010048, 0, 1, 1, 1, 1, '0000-00-00'),
(192010049, 0, 1, 1, 1, 1, '0000-00-00'),
(192010050, 0, 1, 1, 1, 1, '0000-00-00'),
(192010051, 0, 1, 1, 1, 1, '0000-00-00'),
(192010052, 0, 1, 1, 1, 1, '0000-00-00'),
(192010053, 0, 1, 1, 1, 1, '0000-00-00'),
(192010054, 0, 1, 1, 1, 1, '0000-00-00'),
(192010055, 0, 1, 1, 1, 1, '0000-00-00'),
(192010056, 0, 1, 1, 1, 1, '0000-00-00'),
(192010057, 0, 1, 1, 1, 1, '0000-00-00'),
(192010058, 0, 1, 1, 1, 1, '0000-00-00'),
(192010059, 0, 1, 1, 1, 1, '0000-00-00'),
(192010060, 0, 1, 1, 1, 1, '0000-00-00'),
(192010061, 0, 1, 1, 1, 1, '0000-00-00'),
(192010062, 0, 1, 1, 1, 1, '0000-00-00'),
(192010063, 0, 1, 1, 1, 1, '0000-00-00'),
(192010064, 0, 1, 1, 1, 1, '0000-00-00'),
(192010065, 0, 1, 1, 1, 1, '0000-00-00'),
(192010066, 0, 1, 1, 1, 1, '0000-00-00'),
(192010067, 0, 1, 1, 1, 1, '0000-00-00'),
(192010068, 0, 1, 1, 1, 1, '0000-00-00'),
(192010069, 0, 1, 1, 1, 1, '0000-00-00'),
(192010070, 0, 1, 1, 1, 1, '0000-00-00'),
(192010071, 0, 1, 1, 1, 1, '0000-00-00'),
(192010072, 0, 1, 1, 1, 1, '0000-00-00'),
(192010073, 0, 1, 1, 1, 1, '0000-00-00'),
(192010074, 0, 1, 1, 1, 1, '0000-00-00'),
(192010075, 0, 1, 1, 1, 1, '0000-00-00'),
(192010076, 0, 1, 1, 1, 1, '0000-00-00'),
(192010077, 0, 1, 1, 1, 1, '0000-00-00'),
(192010078, 0, 1, 1, 1, 1, '0000-00-00'),
(192010079, 0, 1, 1, 1, 1, '0000-00-00'),
(192010080, 0, 1, 1, 1, 1, '0000-00-00'),
(192010081, 0, 1, 1, 1, 1, '0000-00-00'),
(192010082, 0, 1, 1, 1, 1, '0000-00-00'),
(192010083, 0, 1, 1, 1, 1, '0000-00-00'),
(192010084, 0, 1, 1, 1, 1, '0000-00-00'),
(192010085, 0, 1, 1, 1, 1, '0000-00-00'),
(192010086, 0, 1, 1, 1, 1, '0000-00-00'),
(192010087, 0, 1, 1, 1, 1, '0000-00-00'),
(192010088, 0, 1, 1, 1, 1, '0000-00-00'),
(192010089, 0, 1, 1, 1, 1, '0000-00-00'),
(192010090, 0, 1, 1, 1, 1, '0000-00-00'),
(192010091, 0, 1, 1, 1, 1, '0000-00-00'),
(192010092, 0, 1, 1, 1, 1, '0000-00-00'),
(192010093, 0, 1, 1, 1, 1, '0000-00-00'),
(192010094, 0, 1, 1, 1, 1, '0000-00-00'),
(192010095, 0, 1, 1, 1, 1, '0000-00-00'),
(192010096, 0, 1, 1, 1, 1, '0000-00-00'),
(192010097, 0, 1, 1, 1, 1, '0000-00-00'),
(192010098, 0, 1, 1, 1, 1, '0000-00-00'),
(192010099, 0, 1, 1, 1, 1, '0000-00-00'),
(192010100, 0, 1, 1, 1, 1, '0000-00-00'),
(192010101, 0, 1, 1, 1, 1, '0000-00-00'),
(192010102, 0, 1, 1, 1, 1, '0000-00-00'),
(192010103, 0, 1, 1, 1, 1, '0000-00-00'),
(192010105, 0, 1, 1, 1, 1, '0000-00-00'),
(192010106, 0, 1, 1, 1, 1, '0000-00-00'),
(192010107, 0, 1, 1, 1, 1, '0000-00-00'),
(192010108, 0, 1, 1, 1, 1, '0000-00-00'),
(192010109, 0, 1, 1, 1, 1, '0000-00-00'),
(192010110, 0, 1, 1, 1, 1, '0000-00-00'),
(192010111, 0, 1, 1, 1, 1, '0000-00-00'),
(192010112, 0, 1, 1, 1, 1, '0000-00-00'),
(192010113, 0, 1, 1, 1, 1, '0000-00-00'),
(192010114, 0, 1, 1, 1, 1, '0000-00-00'),
(192010115, 0, 1, 1, 1, 1, '0000-00-00'),
(192010116, 0, 1, 1, 1, 1, '0000-00-00'),
(192010117, 0, 1, 1, 1, 1, '0000-00-00'),
(192010118, 0, 1, 1, 1, 1, '0000-00-00'),
(192010119, 0, 1, 1, 1, 1, '0000-00-00'),
(192010120, 0, 1, 1, 1, 1, '0000-00-00'),
(192010122, 0, 1, 1, 1, 1, '0000-00-00'),
(192010123, 0, 1, 1, 1, 1, '0000-00-00'),
(192010124, 0, 1, 1, 12, 1, '2020-05-05'),
(192010125, 0, 1, 1, 1, 1, '0000-00-00'),
(192010126, 0, 1, 1, 1, 1, '0000-00-00'),
(192010127, 0, 1, 1, 1, 1, '0000-00-00'),
(192010128, 0, 1, 1, 1, 1, '0000-00-00'),
(192010129, 0, 1, 1, 1, 1, '0000-00-00'),
(192010130, 0, 1, 1, 1, 1, '0000-00-00'),
(192010131, 0, 1, 1, 1, 1, '0000-00-00'),
(192010132, 0, 1, 1, 1, 1, '0000-00-00'),
(192010133, 0, 1, 1, 1, 1, '0000-00-00'),
(192010134, 0, 1, 1, 1, 1, '0000-00-00'),
(192010135, 0, 1, 1, 1, 1, '0000-00-00'),
(192010136, 0, 1, 1, 1, 1, '0000-00-00'),
(192010137, 0, 1, 1, 1, 1, '0000-00-00'),
(192010138, 0, 1, 1, 1, 1, '0000-00-00'),
(192010139, 0, 1, 1, 1, 1, '0000-00-00'),
(192010140, 0, 1, 1, 1, 1, '0000-00-00'),
(192010141, 0, 1, 1, 1, 1, '0000-00-00'),
(192010142, 0, 1, 1, 1, 1, '0000-00-00'),
(192010143, 0, 1, 1, 1, 1, '0000-00-00'),
(192010144, 0, 1, 1, 1, 1, '0000-00-00'),
(192010145, 0, 1, 1, 1, 1, '0000-00-00'),
(192010146, 0, 1, 1, 1, 1, '0000-00-00'),
(192010147, 0, 1, 1, 1, 1, '0000-00-00'),
(192010148, 0, 1, 1, 1, 1, '0000-00-00'),
(192010149, 0, 1, 1, 1, 1, '0000-00-00'),
(192010150, 0, 1, 1, 1, 1, '0000-00-00'),
(192010151, 0, 1, 1, 1, 1, '0000-00-00'),
(192010152, 0, 1, 1, 1, 1, '0000-00-00'),
(192010153, 0, 1, 1, 1, 1, '0000-00-00'),
(192010154, 0, 1, 1, 1, 1, '0000-00-00'),
(192010155, 0, 1, 1, 1, 1, '0000-00-00'),
(192010156, 0, 1, 1, 1, 1, '0000-00-00'),
(192010157, 0, 1, 1, 1, 1, '0000-00-00'),
(192010158, 0, 1, 1, 1, 1, '0000-00-00'),
(192010159, 0, 1, 1, 1, 1, '0000-00-00'),
(192010160, 0, 1, 1, 1, 1, '0000-00-00'),
(192010161, 0, 1, 1, 1, 1, '0000-00-00'),
(192010162, 0, 1, 1, 1, 1, '0000-00-00'),
(192010163, 0, 1, 1, 1, 1, '0000-00-00'),
(192010164, 0, 1, 1, 1, 1, '0000-00-00'),
(192010165, 0, 1, 1, 1, 1, '0000-00-00'),
(192010166, 0, 1, 1, 1, 1, '0000-00-00'),
(192010167, 0, 1, 1, 1, 1, '0000-00-00'),
(192010168, 0, 1, 1, 1, 1, '0000-00-00'),
(192010169, 0, 1, 1, 1, 1, '0000-00-00'),
(192010170, 0, 1, 1, 1, 1, '0000-00-00'),
(192010171, 0, 1, 1, 1, 1, '0000-00-00'),
(192010172, 0, 1, 1, 1, 1, '0000-00-00'),
(192010173, 0, 1, 1, 1, 1, '0000-00-00'),
(192010174, 0, 1, 1, 1, 1, '0000-00-00'),
(192010175, 0, 1, 1, 1, 1, '0000-00-00'),
(192010176, 0, 1, 1, 1, 1, '0000-00-00'),
(192010177, 0, 1, 1, 1, 1, '0000-00-00'),
(192010178, 0, 1, 1, 1, 1, '0000-00-00'),
(192010179, 0, 1, 1, 1, 1, '0000-00-00'),
(192010180, 0, 1, 1, 1, 1, '0000-00-00'),
(192010181, 0, 1, 1, 1, 1, '0000-00-00'),
(192010182, 0, 1, 1, 1, 1, '0000-00-00'),
(192010183, 0, 1, 1, 1, 1, '0000-00-00'),
(192010184, 0, 1, 1, 1, 1, '0000-00-00'),
(192010185, 0, 1, 1, 1, 1, '0000-00-00'),
(192010186, 0, 1, 1, 1, 1, '0000-00-00'),
(192010187, 0, 1, 1, 1, 1, '0000-00-00'),
(192010188, 0, 1, 1, 1, 1, '0000-00-00'),
(192010190, 0, 1, 1, 1, 1, '0000-00-00'),
(192010191, 0, 1, 1, 1, 1, '0000-00-00'),
(192010192, 0, 1, 1, 1, 1, '0000-00-00'),
(192010193, 0, 1, 1, 1, 1, '0000-00-00'),
(202110001, 0, 1, 1, 1, 1, '0000-00-00'),
(202110002, 0, 1, 1, 1, 1, '0000-00-00'),
(202110003, 0, 1, 1, 1, 1, '0000-00-00'),
(202110004, 0, 1, 1, 1, 1, '0000-00-00'),
(202110005, 0, 1, 1, 1, 1, '0000-00-00'),
(202110006, 0, 1, 1, 1, 1, '0000-00-00'),
(202110007, 0, 1, 1, 1, 1, '0000-00-00'),
(202110008, 0, 1, 1, 1, 1, '0000-00-00'),
(202110009, 0, 1, 1, 1, 1, '0000-00-00'),
(202110010, 0, 1, 1, 1, 1, '0000-00-00'),
(202110011, 0, 1, 1, 1, 1, '0000-00-00'),
(202110012, 0, 1, 1, 1, 1, '0000-00-00'),
(202110013, 0, 1, 1, 1, 1, '0000-00-00'),
(202110014, 0, 1, 1, 1, 1, '0000-00-00'),
(202110015, 0, 1, 1, 1, 1, '0000-00-00'),
(202110016, 0, 1, 1, 1, 1, '0000-00-00'),
(202110017, 0, 1, 1, 1, 1, '0000-00-00'),
(202110018, 0, 1, 1, 1, 1, '0000-00-00'),
(202110019, 0, 1, 1, 1, 1, '0000-00-00'),
(202110020, 0, 1, 1, 1, 1, '0000-00-00'),
(202110021, 0, 1, 1, 1, 1, '0000-00-00'),
(202110022, 0, 1, 1, 1, 1, '0000-00-00'),
(202110023, 0, 1, 1, 1, 1, '0000-00-00'),
(202110024, 0, 1, 1, 1, 1, '0000-00-00'),
(202110025, 0, 1, 1, 1, 1, '0000-00-00'),
(202110026, 0, 1, 1, 1, 1, '0000-00-00'),
(202110027, 0, 1, 1, 1, 1, '0000-00-00'),
(202110028, 0, 1, 1, 1, 1, '0000-00-00'),
(202110029, 0, 1, 1, 1, 1, '0000-00-00'),
(202110030, 0, 1, 1, 1, 1, '0000-00-00'),
(202110031, 0, 1, 1, 1, 1, '0000-00-00'),
(202110032, 0, 1, 1, 1, 1, '0000-00-00'),
(202110033, 0, 1, 1, 1, 1, '0000-00-00'),
(202110034, 0, 1, 1, 1, 1, '0000-00-00'),
(202110035, 0, 1, 1, 1, 1, '0000-00-00'),
(202110036, 0, 1, 1, 1, 1, '0000-00-00'),
(202110037, 0, 1, 1, 1, 1, '0000-00-00'),
(202110038, 0, 1, 1, 1, 1, '0000-00-00'),
(202110039, 0, 1, 1, 1, 1, '0000-00-00'),
(202110040, 0, 1, 1, 1, 1, '0000-00-00'),
(202110041, 0, 1, 1, 1, 1, '0000-00-00'),
(202110042, 0, 1, 1, 1, 1, '0000-00-00'),
(202110043, 0, 1, 1, 1, 1, '0000-00-00'),
(202110044, 0, 1, 1, 1, 1, '0000-00-00'),
(202110045, 0, 1, 1, 1, 1, '0000-00-00'),
(202110046, 0, 1, 1, 1, 1, '0000-00-00'),
(202110047, 0, 1, 1, 1, 1, '0000-00-00'),
(202110048, 0, 1, 1, 1, 1, '0000-00-00'),
(202110049, 0, 1, 1, 1, 1, '0000-00-00'),
(202110050, 0, 1, 1, 1, 1, '0000-00-00'),
(202110051, 0, 1, 1, 1, 1, '0000-00-00'),
(202110052, 0, 1, 1, 1, 1, '0000-00-00'),
(202110053, 0, 1, 1, 1, 1, '0000-00-00'),
(202110054, 0, 1, 1, 1, 1, '0000-00-00'),
(202110055, 0, 1, 1, 1, 1, '0000-00-00'),
(202110056, 0, 1, 1, 1, 1, '0000-00-00'),
(202110057, 0, 1, 1, 1, 1, '0000-00-00'),
(202110059, 0, 1, 1, 1, 1, '0000-00-00'),
(202110060, 0, 1, 1, 1, 1, '0000-00-00'),
(202110061, 0, 1, 1, 1, 1, '0000-00-00'),
(202110062, 0, 1, 1, 1, 1, '0000-00-00'),
(202110063, 0, 1, 1, 1, 1, '0000-00-00'),
(202110064, 0, 1, 1, 1, 1, '0000-00-00'),
(202110065, 0, 1, 1, 1, 1, '0000-00-00'),
(202110066, 0, 1, 1, 1, 1, '0000-00-00'),
(202110067, 0, 1, 1, 1, 1, '0000-00-00'),
(202110068, 0, 1, 1, 1, 1, '0000-00-00'),
(202110069, 0, 1, 1, 1, 1, '0000-00-00'),
(202110070, 0, 1, 1, 1, 1, '0000-00-00'),
(202110071, 0, 1, 1, 1, 1, '0000-00-00'),
(202110072, 0, 1, 1, 1, 1, '0000-00-00'),
(202110073, 0, 1, 1, 1, 1, '0000-00-00'),
(202110074, 0, 1, 1, 1, 1, '0000-00-00'),
(202110075, 0, 1, 1, 1, 1, '0000-00-00'),
(202110076, 0, 1, 1, 1, 1, '0000-00-00'),
(202110077, 0, 1, 1, 1, 1, '0000-00-00'),
(202110078, 0, 1, 1, 1, 1, '0000-00-00'),
(202110079, 0, 1, 1, 1, 1, '0000-00-00'),
(202110080, 0, 1, 1, 1, 1, '0000-00-00'),
(202110081, 0, 1, 1, 1, 1, '0000-00-00'),
(202110082, 0, 1, 1, 1, 1, '0000-00-00'),
(202110083, 0, 1, 1, 1, 1, '0000-00-00'),
(202110084, 0, 1, 1, 1, 1, '0000-00-00'),
(202110085, 0, 1, 1, 1, 1, '0000-00-00'),
(202110086, 0, 1, 1, 1, 1, '0000-00-00'),
(202110087, 0, 1, 1, 1, 1, '0000-00-00'),
(202110088, 0, 1, 1, 1, 1, '0000-00-00'),
(202110089, 0, 1, 1, 1, 1, '0000-00-00'),
(202110090, 0, 1, 1, 1, 1, '0000-00-00'),
(202110091, 0, 1, 1, 1, 1, '0000-00-00'),
(202110092, 0, 1, 1, 1, 1, '0000-00-00'),
(202110093, 0, 1, 1, 1, 1, '0000-00-00'),
(202110094, 0, 1, 1, 1, 1, '0000-00-00'),
(202110095, 0, 1, 1, 1, 1, '0000-00-00'),
(202110096, 0, 1, 1, 1, 1, '0000-00-00'),
(202110097, 0, 1, 1, 1, 1, '0000-00-00'),
(202110098, 0, 1, 1, 1, 1, '0000-00-00'),
(202110099, 0, 1, 1, 1, 1, '0000-00-00'),
(202110100, 0, 1, 1, 1, 1, '0000-00-00'),
(202110101, 0, 1, 1, 1, 1, '0000-00-00'),
(202110102, 0, 1, 1, 1, 1, '0000-00-00'),
(202110103, 0, 1, 1, 1, 1, '0000-00-00'),
(202110104, 0, 1, 1, 1, 1, '0000-00-00'),
(202110105, 0, 1, 1, 1, 1, '0000-00-00'),
(202110106, 0, 1, 1, 1, 1, '0000-00-00'),
(202110107, 0, 1, 1, 1, 1, '0000-00-00'),
(202110108, 0, 1, 1, 1, 1, '0000-00-00'),
(202110109, 0, 1, 1, 1, 1, '0000-00-00'),
(202110110, 0, 1, 1, 1, 1, '0000-00-00'),
(202110111, 0, 1, 1, 1, 1, '0000-00-00'),
(202110112, 0, 1, 1, 1, 1, '0000-00-00'),
(202110113, 0, 1, 1, 1, 1, '0000-00-00'),
(202110114, 0, 1, 1, 1, 1, '0000-00-00'),
(202110115, 0, 1, 1, 1, 1, '0000-00-00'),
(202110116, 0, 1, 1, 1, 1, '0000-00-00'),
(202110117, 0, 1, 1, 1, 1, '0000-00-00'),
(202110118, 0, 1, 1, 1, 1, '0000-00-00'),
(202110119, 0, 1, 1, 1, 1, '0000-00-00'),
(202110120, 0, 1, 1, 1, 1, '0000-00-00'),
(202110121, 0, 1, 1, 1, 1, '0000-00-00'),
(202110122, 0, 1, 1, 1, 1, '0000-00-00'),
(202110123, 0, 1, 1, 1, 1, '0000-00-00'),
(202110124, 0, 1, 1, 1, 1, '0000-00-00'),
(202110125, 0, 1, 1, 1, 1, '0000-00-00'),
(202110126, 0, 1, 1, 1, 1, '0000-00-00'),
(202110127, 0, 1, 1, 1, 1, '0000-00-00'),
(202110128, 0, 1, 1, 1, 1, '0000-00-00'),
(202110129, 0, 1, 1, 1, 1, '0000-00-00'),
(202110130, 0, 1, 1, 1, 1, '0000-00-00'),
(202110131, 0, 1, 1, 1, 1, '0000-00-00'),
(202110132, 0, 1, 1, 1, 1, '0000-00-00'),
(202110133, 0, 1, 1, 1, 1, '0000-00-00'),
(202110134, 0, 1, 1, 1, 1, '0000-00-00'),
(202110135, 0, 1, 1, 1, 1, '0000-00-00'),
(202110136, 0, 1, 1, 1, 1, '0000-00-00'),
(202110137, 0, 1, 1, 1, 1, '0000-00-00'),
(202110138, 0, 1, 1, 1, 1, '0000-00-00'),
(202110139, 0, 1, 1, 1, 1, '0000-00-00'),
(202110140, 0, 1, 1, 1, 1, '0000-00-00'),
(202110141, 0, 1, 1, 1, 1, '0000-00-00'),
(202110142, 0, 1, 1, 1, 1, '0000-00-00'),
(202110143, 0, 1, 1, 1, 1, '0000-00-00'),
(202110144, 0, 1, 1, 1, 1, '0000-00-00'),
(202110145, 0, 1, 1, 1, 1, '0000-00-00'),
(202110146, 0, 1, 1, 1, 1, '0000-00-00'),
(202110147, 0, 1, 1, 1, 1, '0000-00-00'),
(202110148, 0, 1, 1, 1, 1, '0000-00-00'),
(202110149, 0, 1, 1, 1, 1, '0000-00-00'),
(202110150, 0, 1, 1, 1, 1, '0000-00-00'),
(202110151, 0, 1, 1, 1, 1, '0000-00-00'),
(202110152, 0, 1, 1, 1, 1, '0000-00-00'),
(202110153, 0, 1, 1, 1, 1, '0000-00-00'),
(202110154, 0, 1, 1, 1, 1, '0000-00-00'),
(202110155, 0, 1, 1, 1, 1, '0000-00-00'),
(202110156, 0, 1, 1, 1, 1, '0000-00-00'),
(202110157, 0, 1, 1, 1, 1, '0000-00-00'),
(202110158, 0, 1, 1, 1, 1, '0000-00-00'),
(202110159, 0, 1, 1, 1, 1, '0000-00-00'),
(202110160, 0, 1, 1, 1, 1, '0000-00-00'),
(202110161, 0, 1, 1, 1, 1, '0000-00-00'),
(202110162, 0, 1, 1, 1, 1, '0000-00-00'),
(202110163, 0, 1, 1, 1, 1, '0000-00-00'),
(202110164, 0, 1, 1, 1, 1, '0000-00-00'),
(202110165, 0, 1, 1, 1, 1, '0000-00-00'),
(202110166, 0, 1, 1, 1, 1, '0000-00-00'),
(202110167, 0, 1, 1, 1, 1, '0000-00-00'),
(202110168, 0, 1, 1, 1, 1, '0000-00-00'),
(202110169, 0, 1, 1, 1, 1, '0000-00-00'),
(202110170, 0, 1, 1, 1, 1, '0000-00-00'),
(202110171, 0, 1, 1, 1, 1, '0000-00-00'),
(202110172, 0, 1, 1, 1, 1, '0000-00-00'),
(202110173, 0, 1, 1, 1, 1, '0000-00-00'),
(202110174, 0, 1, 1, 1, 1, '0000-00-00'),
(202110175, 0, 1, 1, 1, 1, '0000-00-00'),
(202110176, 0, 1, 1, 1, 1, '0000-00-00'),
(202110177, 0, 1, 1, 1, 1, '0000-00-00'),
(202110178, 0, 1, 1, 1, 1, '0000-00-00'),
(202110179, 0, 1, 1, 1, 1, '0000-00-00'),
(202110180, 0, 1, 1, 1, 1, '0000-00-00'),
(202110181, 0, 1, 1, 1, 1, '0000-00-00'),
(202110182, 0, 1, 1, 1, 1, '0000-00-00'),
(202110183, 0, 1, 1, 1, 1, '0000-00-00'),
(202110184, 0, 1, 1, 1, 1, '0000-00-00'),
(202110185, 0, 1, 1, 1, 1, '0000-00-00'),
(202110186, 0, 1, 1, 1, 1, '0000-00-00'),
(202110187, 0, 1, 1, 1, 1, '0000-00-00'),
(202110188, 0, 1, 1, 1, 1, '0000-00-00'),
(202110189, 0, 1, 1, 1, 1, '0000-00-00'),
(202110190, 0, 1, 1, 1, 1, '0000-00-00'),
(202110191, 0, 1, 1, 1, 1, '0000-00-00'),
(202110192, 0, 1, 1, 1, 1, '0000-00-00'),
(202110193, 0, 1, 1, 1, 1, '0000-00-00'),
(202120193, 0, 1, 1, 1, 1, '0000-00-00'),
(212210001, 0, 1, 1, 1, 1, '0000-00-00'),
(212210002, 0, 1, 1, 1, 1, '0000-00-00'),
(212210003, 0, 1, 1, 1, 1, '0000-00-00'),
(212210004, 0, 1, 1, 1, 1, '0000-00-00'),
(212210005, 0, 1, 1, 1, 1, '2005-05-05'),
(212210006, 0, 1, 1, 1, 1, '0000-00-00'),
(212210007, 0, 1, 1, 1, 1, '2022-05-05'),
(212210008, 0, 1, 1, 1, 1, '0000-00-00'),
(212210009, 2, 3, 5, 15, 25, '2022-05-05'),
(212210010, 0, 1, 1, 1, 1, '0000-00-00'),
(212210011, 0, 1, 1, 1, 1, '0000-00-00'),
(212210012, 0, 1, 1, 1, 1, '0000-00-00'),
(212210013, 0, 1, 1, 1, 1, '0000-00-00'),
(212210014, 0, 1, 1, 1, 1, '0000-00-00'),
(212210015, 0, 1, 1, 1, 1, '0000-00-00'),
(212210016, 0, 1, 1, 1, 1, '0000-00-00'),
(212210017, 15, 1, 1, 1, 1, '2022-07-12'),
(212210018, 0, 1, 1, 1, 1, '0000-00-00'),
(212210019, 0, 1, 1, 1, 1, '0000-00-00'),
(212210020, 0, 1, 1, 1, 1, '0000-00-00'),
(212210021, 0, 1, 1, 1, 1, '0000-00-00'),
(212210022, 0, 1, 1, 1, 1, '0000-00-00'),
(212210023, 0, 1, 1, 1, 1, '0000-00-00'),
(212210024, 0, 1, 1, 1, 1, '0000-00-00'),
(212210025, 0, 1, 1, 1, 1, '0000-00-00'),
(212210026, 0, 1, 1, 1, 1, '0000-00-00'),
(212210027, 0, 1, 1, 1, 1, '0000-00-00'),
(212210028, 0, 1, 1, 1, 1, '0000-00-00'),
(212210029, 16, 1, 1, 1, 1, '2022-05-18'),
(212210030, 0, 1, 1, 1, 1, '0000-00-00'),
(212210031, 0, 1, 1, 1, 1, '0000-00-00'),
(212210032, 0, 1, 1, 1, 1, '0000-00-00'),
(212210033, 0, 1, 1, 1, 1, '0000-00-00'),
(212210034, 0, 1, 1, 1, 1, '0000-00-00'),
(212210035, 0, 1, 1, 1, 1, '0000-00-00'),
(212210036, 0, 1, 1, 1, 1, '0000-00-00'),
(212210037, 0, 1, 1, 1, 1, '0000-00-00'),
(212210038, 0, 1, 1, 1, 1, '0000-00-00'),
(212210039, 0, 1, 1, 1, 1, '0000-00-00'),
(212210040, 0, 1, 1, 1, 1, '0000-00-00'),
(212210041, 0, 1, 1, 1, 1, '0000-00-00'),
(212210042, 0, 1, 1, 1, 1, '0000-00-00'),
(212210043, 0, 1, 1, 1, 1, '0000-00-00'),
(212210044, 0, 1, 1, 1, 1, '0000-00-00'),
(212210045, 0, 1, 1, 1, 1, '0000-00-00'),
(212210046, 0, 1, 1, 1, 1, '0000-00-00'),
(212210047, 0, 1, 1, 1, 1, '0000-00-00'),
(212210048, 0, 1, 1, 1, 1, '0000-00-00'),
(212210049, 0, 1, 1, 1, 1, '0000-00-00'),
(212210050, 0, 1, 1, 1, 1, '0000-00-00'),
(212210051, 0, 1, 1, 1, 1, '0000-00-00'),
(212210052, 0, 1, 1, 1, 1, '0000-00-00'),
(212210053, 0, 1, 1, 1, 1, '0000-00-00'),
(212210054, 0, 1, 1, 1, 1, '0000-00-00'),
(212210055, 0, 1, 1, 1, 1, '0000-00-00'),
(212210056, 0, 1, 1, 1, 1, '0000-00-00'),
(212210057, 0, 1, 1, 1, 1, '0000-00-00'),
(212210058, 0, 1, 1, 1, 1, '0000-00-00'),
(212210059, 0, 1, 1, 1, 1, '0000-00-00'),
(212210060, 0, 1, 1, 1, 1, '0000-00-00'),
(212210061, 0, 1, 1, 1, 1, '0000-00-00'),
(212210062, 0, 1, 1, 1, 1, '0000-00-00'),
(212210063, 0, 1, 1, 1, 1, '0000-00-00'),
(212210064, 0, 1, 1, 1, 1, '0000-00-00'),
(212210065, 0, 1, 1, 1, 1, '0000-00-00'),
(212210066, 0, 1, 1, 1, 1, '0000-00-00'),
(212210067, 0, 1, 1, 1, 1, '0000-00-00'),
(212210068, 0, 1, 1, 1, 1, '0000-00-00'),
(212210069, 0, 1, 1, 1, 1, '0000-00-00'),
(212210070, 0, 1, 1, 1, 1, '0000-00-00'),
(212210071, 0, 1, 1, 1, 1, '0000-00-00'),
(212210072, 0, 1, 1, 1, 1, '0000-00-00'),
(212210073, 0, 1, 1, 1, 1, '0000-00-00'),
(212210074, 0, 1, 1, 1, 1, '0000-00-00'),
(212210075, 0, 1, 1, 1, 1, '0000-00-00'),
(212210076, 0, 1, 1, 1, 1, '0000-00-00'),
(212210077, 0, 1, 1, 1, 1, '0000-00-00'),
(212210078, 0, 1, 1, 1, 1, '0000-00-00'),
(212210079, 0, 1, 1, 1, 1, '0000-00-00'),
(212210080, 0, 1, 1, 1, 1, '0000-00-00'),
(212210081, 0, 1, 1, 1, 1, '0000-00-00'),
(212210082, 0, 1, 1, 1, 1, '0000-00-00'),
(212210083, 0, 1, 1, 1, 1, '0000-00-00'),
(212210084, 0, 1, 1, 1, 1, '0000-00-00'),
(212210085, 0, 1, 1, 1, 1, '0000-00-00'),
(212210086, 0, 1, 1, 1, 1, '0000-00-00'),
(212210087, 0, 1, 1, 1, 1, '0000-00-00'),
(212210088, 0, 1, 1, 1, 1, '0000-00-00'),
(212210089, 0, 1, 1, 1, 1, '0000-00-00'),
(212210090, 0, 1, 1, 1, 1, '0000-00-00'),
(212210091, 0, 1, 1, 1, 1, '0000-00-00'),
(212210092, 0, 1, 1, 1, 1, '0000-00-00'),
(212210093, 0, 1, 1, 1, 1, '0000-00-00'),
(212210094, 0, 1, 1, 1, 1, '0000-00-00'),
(212210095, 0, 1, 1, 1, 1, '0000-00-00'),
(212210096, 0, 1, 1, 1, 1, '0000-00-00'),
(212210097, 0, 1, 1, 1, 1, '0000-00-00'),
(212210098, 0, 1, 1, 1, 1, '0000-00-00'),
(212210099, 0, 1, 1, 1, 1, '0000-00-00'),
(212210100, 0, 1, 1, 1, 1, '0000-00-00'),
(212210101, 0, 1, 1, 1, 1, '0000-00-00'),
(212210102, 0, 1, 1, 1, 1, '0000-00-00'),
(212210103, 0, 1, 1, 1, 1, '0000-00-00'),
(212210104, 0, 1, 1, 1, 1, '2022-05-05'),
(212210105, 0, 1, 1, 1, 1, '0000-00-00'),
(212210106, 0, 1, 1, 1, 1, '0000-00-00'),
(212210107, 0, 1, 1, 1, 1, '0000-00-00'),
(212210108, 0, 1, 1, 1, 1, '0000-00-00'),
(212210109, 0, 1, 1, 1, 1, '0000-00-00'),
(212210110, 0, 1, 1, 1, 1, '0000-00-00'),
(212210111, 0, 1, 1, 1, 1, '0000-00-00'),
(212210112, 0, 1, 1, 1, 1, '0000-00-00'),
(212210113, 0, 1, 1, 1, 1, '0000-00-00'),
(212210114, 0, 1, 1, 1, 1, '0000-00-00'),
(212210115, 0, 1, 1, 1, 1, '0000-00-00'),
(212210116, 0, 1, 1, 1, 1, '0000-00-00'),
(212210117, 0, 1, 1, 1, 1, '0000-00-00'),
(212210118, 0, 1, 1, 1, 1, '0000-00-00'),
(212210119, 0, 1, 1, 1, 1, '0000-00-00'),
(212210120, 0, 1, 1, 1, 1, '0000-00-00'),
(212210121, 0, 1, 1, 1, 1, '0000-00-00'),
(212210122, 0, 1, 1, 1, 1, '0000-00-00'),
(212210123, 0, 1, 1, 1, 1, '0000-00-00'),
(212210124, 0, 1, 1, 1, 1, '0000-00-00'),
(212210125, 0, 1, 1, 1, 1, '0000-00-00'),
(212210126, 0, 1, 1, 1, 1, '0000-00-00'),
(212210127, 0, 1, 1, 1, 1, '0000-00-00'),
(212210128, 0, 1, 1, 1, 1, '0000-00-00'),
(212210129, 0, 1, 1, 1, 1, '0000-00-00'),
(212210130, 0, 1, 1, 1, 1, '0000-00-00'),
(212210131, 0, 1, 1, 1, 1, '0000-00-00'),
(212210132, 0, 1, 1, 1, 1, '0000-00-00'),
(212210133, 0, 1, 1, 1, 1, '0000-00-00'),
(212210134, 0, 1, 1, 1, 1, '0000-00-00'),
(212210135, 0, 1, 1, 1, 1, '0000-00-00'),
(212210136, 0, 1, 1, 1, 1, '0000-00-00'),
(212210137, 0, 1, 1, 1, 1, '0000-00-00'),
(212210138, 0, 1, 1, 1, 1, '0000-00-00'),
(212210139, 0, 1, 1, 1, 1, '0000-00-00'),
(212210140, 0, 1, 1, 1, 1, '0000-00-00'),
(212210141, 0, 1, 1, 1, 1, '0000-00-00'),
(212210142, 0, 1, 1, 1, 1, '0000-00-00'),
(212210143, 0, 1, 1, 1, 1, '0000-00-00'),
(212210144, 0, 1, 1, 1, 1, '0000-00-00'),
(212210145, 0, 1, 1, 1, 1, '0000-00-00'),
(212210146, 0, 1, 1, 1, 1, '0000-00-00'),
(212210147, 0, 1, 1, 1, 1, '0000-00-00'),
(212210148, 0, 1, 1, 1, 1, '0000-00-00'),
(212210149, 0, 1, 1, 1, 1, '0000-00-00'),
(212210150, 0, 1, 1, 1, 1, '0000-00-00'),
(212210151, 0, 1, 1, 1, 1, '0000-00-00'),
(212210152, 0, 1, 1, 1, 1, '0000-00-00'),
(212210153, 0, 1, 1, 1, 1, '0000-00-00'),
(212210154, 0, 1, 1, 1, 1, '0000-00-00'),
(212210155, 0, 1, 1, 1, 1, '0000-00-00'),
(212210156, 0, 1, 1, 1, 1, '0000-00-00'),
(212210157, 0, 1, 1, 1, 1, '0000-00-00'),
(212210158, 0, 1, 1, 1, 1, '0000-00-00'),
(212210159, 0, 1, 1, 1, 1, '0000-00-00'),
(212210160, 0, 1, 1, 1, 1, '0000-00-00'),
(212210161, 0, 1, 1, 1, 1, '0000-00-00'),
(212210162, 0, 1, 1, 1, 1, '0000-00-00'),
(212210163, 0, 1, 1, 1, 1, '0000-00-00'),
(212210164, 0, 1, 1, 1, 1, '0000-00-00'),
(212210165, 0, 1, 1, 1, 1, '0000-00-00'),
(212210166, 0, 1, 1, 1, 1, '0000-00-00'),
(212210167, 0, 1, 1, 1, 1, '0000-00-00'),
(212210168, 0, 1, 1, 1, 1, '0000-00-00'),
(212210169, 0, 1, 1, 1, 1, '0000-00-00'),
(212210170, 0, 1, 1, 1, 1, '0000-00-00'),
(212210171, 0, 1, 1, 1, 1, '0000-00-00'),
(212210172, 0, 1, 1, 1, 1, '0000-00-00'),
(212210173, 0, 1, 1, 1, 1, '0000-00-00'),
(212210174, 0, 1, 1, 1, 1, '0000-00-00'),
(212210175, 0, 1, 1, 1, 1, '0000-00-00'),
(212210176, 0, 1, 1, 1, 1, '0000-00-00'),
(212210177, 0, 1, 1, 1, 1, '0000-00-00'),
(212210178, 0, 1, 1, 1, 1, '0000-00-00'),
(212210179, 0, 1, 1, 1, 1, '0000-00-00'),
(212210180, 0, 1, 1, 1, 1, '0000-00-00'),
(212210181, 0, 1, 1, 1, 1, '0000-00-00'),
(212210182, 0, 1, 1, 1, 1, '0000-00-00'),
(212210183, 0, 1, 1, 1, 1, '0000-00-00'),
(212210184, 0, 1, 1, 1, 1, '0000-00-00'),
(212210185, 0, 1, 1, 1, 1, '0000-00-00'),
(212210186, 0, 1, 1, 1, 1, '0000-00-00'),
(212210187, 0, 1, 1, 1, 1, '0000-00-00'),
(212210188, 0, 1, 1, 1, 1, '0000-00-00'),
(212210189, 0, 1, 1, 1, 1, '0000-00-00'),
(212210190, 0, 1, 1, 1, 1, '0000-00-00'),
(212210191, 0, 1, 1, 1, 1, '0000-00-00'),
(212210192, 0, 1, 1, 1, 1, '0000-00-00'),
(212210193, 0, 1, 1, 1, 1, '0000-00-00'),
(212210194, 0, 1, 1, 1, 1, '0000-00-00'),
(212210195, 0, 1, 1, 1, 1, '0000-00-00'),
(212210196, 0, 1, 1, 1, 1, '0000-00-00');

-- --------------------------------------------------------

--
-- Table structure for table `t_guru`
--

CREATE TABLE `t_guru` (
  `id_guru` int(30) NOT NULL,
  `nama_guru` varchar(100) NOT NULL,
  `no_telp` int(30) NOT NULL,
  `jk` varchar(10) NOT NULL,
  `alamat` text NOT NULL
) ENGINE=InnoDB DEFAULT CHARSET=utf8mb4;

--
-- Dumping data for table `t_guru`
--

INSERT INTO `t_guru` (`id_guru`, `nama_guru`, `no_telp`, `jk`, `alamat`) VALUES
(1, 'Ateng Supriyatna, S.Pd.', 8, 'L', 'Jl.'),
(2, 'H. Matnur, S.Pd.', 8, 'L', 'Jl.'),
(3, 'Wini Rahmi, S.Sos.', 8, 'P', 'Jl.'),
(4, 'Suhadi, S.Pd', 8, 'L', 'Jl'),
(5, 'Sri Subekti, S.Pd.', 8, 'P', 'Jl'),
(6, 'Ahmad Thoha, S.Pd.', 8, 'L', 'Jl'),
(7, 'Endang P, S.sos.', 8, 'L', 'Jl'),
(8, 'Ahmad Kosasih, M.Pd. ', 8, 'L', 'Jl'),
(9, 'Kosim Abdullah, S.Kom.  ', 8, 'L', 'Jl'),
(10, 'Abdul  Hafidz, S.Pd. ', 8, 'L', 'Jl'),
(11, 'Laits Assamarqandi Mufa, S.Si., M.Pd. ', 8, 'L', 'Jl'),
(12, 'Sunarsih, S.Pd. ', 8, 'P', 'Jl'),
(13, 'Eliyah, S.Pd. ', 8, 'P', 'Jl'),
(14, 'Zaenudin, BA.   ', 8, 'L', 'Jl'),
(15, 'Asep Rahmat K, S.Th.I.  ', 8, 'L', 'Jl'),
(16, 'Desy Andryani, S.Pd.I.  ', 8, 'P', 'Jl'),
(17, 'Tri Marlina, S.Pd.  ', 8, 'P', 'Jl'),
(18, 'Syiva Fauziah, M.Pd.  ', 8, 'P', 'Jl'),
(19, 'Bunniara, S.Pd.  ', 8, 'P', 'Jl'),
(20, 'Iwan Gunawan, SE. ', 8, 'L', 'Jl'),
(21, 'Dini Suci Wulandari, S.Pd. ', 8, 'P', 'Jl'),
(22, 'M. Ma\'mun Mustofa, S.Sos.I ', 8, 'L', 'Jl'),
(23, 'Dian Indriani, S.E. ', 8, 'P', 'Jl'),
(24, 'Ulfi Agustina, S.E.  ', 8, 'P', 'Jl'),
(25, 'Lilis Setyorini, S.E. ', 8, 'P', 'Jl'),
(26, 'Maulana, S.Pd. ', 8, 'L', 'Jl'),
(27, 'Ike Dwi Saputri, A.Md. ', 8, 'P', 'Jl'),
(28, 'Abdul Rahman ', 8, 'L', 'Jl');

-- --------------------------------------------------------

--
-- Table structure for table `t_jadwal_mapel`
--

CREATE TABLE `t_jadwal_mapel` (
  `nama_mapel` varchar(100) NOT NULL,
  `nama_guru` varchar(100) NOT NULL,
  `kelas` varchar(10) NOT NULL,
  `hari` varchar(10) NOT NULL
) ENGINE=InnoDB DEFAULT CHARSET=utf8mb4;

--
-- Dumping data for table `t_jadwal_mapel`
--

INSERT INTO `t_jadwal_mapel` (`nama_mapel`, `nama_guru`, `kelas`, `hari`) VALUES
('Bahasa Sunda', 'Ateng Supriyatna, S.Pd.', '10.B', 'Selasa'),
('Aqidah Akhlak', 'Ateng Supriyatna, S.Pd.', '10.C', 'Jumat');

-- --------------------------------------------------------

--
-- Table structure for table `t_kelas`
--

CREATE TABLE `t_kelas` (
  `id` int(30) NOT NULL,
  `kelas` varchar(30) NOT NULL,
  `wali_kelas` varchar(100) NOT NULL
) ENGINE=InnoDB DEFAULT CHARSET=utf8mb4;

--
-- Dumping data for table `t_kelas`
--

INSERT INTO `t_kelas` (`id`, `kelas`, `wali_kelas`) VALUES
(1, '10.A', 'Syiva Fauziah, M.Pd.  '),
(2, '10.B', 'Tri Marlina, S.Pd.  '),
(3, '10.C', 'Bunniara, S.Pd.  '),
(4, '10.D', 'Desy Andryani, S.Pd.I.  '),
(5, '10.E', 'Ulfi Agustina, S.E.  '),
(6, '11.A', 'Ateng Supriyatna, S.Pd.'),
(7, '11.B', 'Suhadi, S.Pd'),
(8, '11.C', 'Abdul  Hafidz, S.Pd. '),
(9, '11.D', 'Endang P, S.sos.'),
(10, '11.E', 'Dini Suci Wulandari, S.Pd. '),
(11, '12.A', 'Asep Rahmat K, S.Th.I.  '),
(12, '12.B', 'Laits Assamarqandi Mufa, S.Si., M.Pd. '),
(13, '12.C', 'Kosim Abdullah, S.Kom.  '),
(14, '12.D', 'Wini Rahmi, S.Sos.'),
(15, '12.E', 'Ahmad Kosasih, M.Pd. ');

-- --------------------------------------------------------

--
-- Table structure for table `t_mapel`
--

CREATE TABLE `t_mapel` (
  `kd_mapel` varchar(30) NOT NULL,
  `mata_pelajaran` varchar(100) NOT NULL
) ENGINE=InnoDB DEFAULT CHARSET=utf8mb4;

--
-- Dumping data for table `t_mapel`
--

INSERT INTO `t_mapel` (`kd_mapel`, `mata_pelajaran`) VALUES
('12a', 'Bahasa Sunda'),
('12b', 'Aqidah Akhlak'),
('A.5', 'Sejarah Indonesia'),
('A1', 'Pend. Agama dan Budi Pekerti'),
('A2', 'Pend. Pancasila dan Kwn'),
('A3', 'Bahasa Indonesia'),
('A4', 'Matematika'),
('A6', 'Bahasa Inggris'),
('B1', 'Seni Budaya'),
('B2', 'Penjasorkes'),
('C1.1', 'Simulasi dan Komunikasi Digital'),
('C1.2', 'Ekonomi Bisnis'),
('C1.3', 'Administrasi Umum'),
('C1.4', 'IPA'),
('C2.1', 'Teknologi Perkantoran'),
('C2.2', 'Korespondesi'),
('C2.3', 'Kearsipan'),
('C3.1', 'OTK. Kepegawaian'),
('C3.2', 'OTK. Keuangan'),
('C3.3', 'OTK. Sarana dan Prasarana'),
('C3.4', 'OTK Humas dan Keprotokolan'),
('C3.5', 'Produk Kreatif dan Kewirausahaan'),
('C3.6', 'M. Aplikasi Perangkat Lunak'),
('C3.7', 'Berkomunikasi dalam Bhs Inggris');

-- --------------------------------------------------------

--
-- Table structure for table `t_nilai_siswa`
--

CREATE TABLE `t_nilai_siswa` (
  `id_nilai_siswa` int(30) NOT NULL,
  `nis` int(30) NOT NULL,
  `nama_siswa` varchar(100) NOT NULL,
  `nama_kelas` varchar(20) NOT NULL,
  `nama_mapel` varchar(100) NOT NULL,
  `nama_guru` varchar(100) NOT NULL,
  `semester` varchar(225) NOT NULL,
  `nilai_tugas` int(30) NOT NULL,
  `nilai_uts` int(30) NOT NULL,
  `nilai_uas` int(30) NOT NULL,
  `hasil` int(30) NOT NULL,
  `grade` varchar(30) NOT NULL
) ENGINE=InnoDB DEFAULT CHARSET=utf8mb4;

--
-- Dumping data for table `t_nilai_siswa`
--

INSERT INTO `t_nilai_siswa` (`id_nilai_siswa`, `nis`, `nama_siswa`, `nama_kelas`, `nama_mapel`, `nama_guru`, `semester`, `nilai_tugas`, `nilai_uts`, `nilai_uas`, `hasil`, `grade`) VALUES
(15, 212210010, 'Airin Lyta Novianti', '10.A', 'Bahasa Sunda', 'Ateng Supriyatna, S.Pd.', 'GANJIL', 76, 76, 76, 76, 'C'),
(16, 212210010, 'Airin Lyta Novianti', '10.A', 'Pend. Agama dan Budi Pekerti', 'Ateng Supriyatna, S.Pd.', 'GENAP', 75, 75, 75, 75, 'C');

-- --------------------------------------------------------

--
-- Table structure for table `t_siswa`
--

CREATE TABLE `t_siswa` (
  `id_siswa` int(30) NOT NULL,
  `NIS` int(30) NOT NULL,
  `nama_siswa` varchar(100) NOT NULL,
  `jk` varchar(10) NOT NULL,
  `nama_kelas` varchar(10) NOT NULL,
  `id_kelas` int(10) NOT NULL
) ENGINE=InnoDB DEFAULT CHARSET=utf8mb4;

--
-- Dumping data for table `t_siswa`
--

INSERT INTO `t_siswa` (`id_siswa`, `NIS`, `nama_siswa`, `jk`, `nama_kelas`, `id_kelas`) VALUES
(0, 192010001, 'Abdul Hakim', 'L', '12.D', 14),
(0, 192010003, 'Adela Yulianti', 'P', '12.C', 13),
(0, 192010004, 'Adinda Bunga Savitri', 'P', '12.B', 12),
(0, 192010005, 'Adit Kurniawan', 'L', '12.A', 11),
(0, 192010006, 'Ahmad Abid Syuhada', 'L', '12.B', 12),
(0, 192010007, 'Ahmad Aprijal', 'L', '12.A', 11),
(0, 192010008, 'Ai Ardila', 'P', '12.D', 14),
(0, 192010009, 'Alfarizi Dwikusuma', 'L', '12.B', 12),
(0, 192010010, 'Alfian Kurnia Azis', 'L', '12.E', 15),
(0, 192010011, 'Althariq Akbar Rizaly', 'L', '12.A', 11),
(0, 192010012, 'Andre Baydilah', 'L', '12.E', 15),
(0, 192010013, 'Andriansyah', 'L', '12.E', 15),
(0, 192010014, 'Anggi Puji Astuti', 'P', '12.E', 15),
(0, 192010015, 'Anisyah Wijaya Carona', 'P', '12.B', 12),
(0, 192010016, 'Annisa Nur Putri', 'P', '12.E', 15),
(0, 192010017, 'Annisa Putri', 'P', '12.E', 15),
(0, 192010018, 'Anugrah Susanto', 'L', '12.C', 13),
(0, 192010019, 'Arin Damayanti', 'P', '12.C', 13),
(0, 192010020, 'Athaya Kyla Zabrina', 'P', '12.D', 14),
(0, 192010021, 'Bagas Priyadi', 'L', '12.A', 11),
(0, 192010022, 'Cerah Marchelino', 'L', '12.C', 13),
(0, 192010023, 'Cindi Rara Wiranti', 'P', '12.B', 12),
(0, 192010024, 'Damar Bagaskoro', 'L', '12.D', 14),
(0, 192010025, 'Davina Nicky Audyta', 'P', '12.A', 11),
(0, 192010026, 'Dea Febriani', 'P', '12.E', 15),
(0, 192010027, 'Dea Rahayu', 'P', '12.C', 13),
(0, 192010028, 'Dela Saputri', 'P', '12.C', 13),
(0, 192010029, 'Della Marsela', 'P', '12.A', 11),
(0, 192010030, 'Della Ratih Astuti', 'P', '12.C', 13),
(0, 192010031, 'Dewi Nurbadriah', 'P', '12.A', 11),
(0, 192010033, 'Dhea Syahfira', 'P', '12.D', 14),
(0, 192010034, 'Diana Dwi Aprianti', 'P', '12.A', 11),
(0, 192010035, 'Diana Pungki', 'P', '12.E', 15),
(0, 192010036, 'Dilla Ratu Mediani', 'P', '12.C', 13),
(0, 192010037, 'Dimas Wahyu Slamet Prayugo', 'L', '12.D', 14),
(0, 192010038, 'Dimas Widiyanto', 'L', '12.C', 13),
(0, 192010039, 'Dinda Herawati', 'P', '12.A', 11),
(0, 192010040, 'Dinda Permatasari', 'P', '12.E', 15),
(0, 192010041, 'Dinda Putri Utami', 'P', '12.A', 11),
(0, 192010042, 'Dini', 'P', '12.A', 11),
(0, 192010043, 'Dino Pangestu', 'L', '12.B', 12),
(0, 192010044, 'Doni Alamsyah', 'L', '12.E', 15),
(0, 192010045, 'Dzikri Riyadhi', 'L', '12.E', 15),
(0, 192010046, 'Eka Prasetiawan', 'L', '12.B', 12),
(0, 192010047, 'Erni Winaryati', 'P', '12.C', 13),
(0, 192010048, 'Eva Aulia', 'P', '12.B', 12),
(0, 192010049, 'Fadli Alfansa Rizki', 'L', '12.B', 12),
(0, 192010050, 'Fadli Arya Erlangga', 'L', '12.A', 11),
(0, 192010051, 'Fadli Aryanda', 'L', '12.C', 13),
(0, 192010052, 'Fahmi Fauzi', 'L', '12.B', 12),
(0, 192010053, 'Ferza Juniantara Rabbani ', 'L', '12.A', 11),
(0, 192010054, 'Firdha Apriliana Putri', 'P', '12.C', 13),
(0, 192010055, 'Fitra Imanda', 'L', '12.D', 14),
(0, 192010056, 'Fitriah', 'P', '12.B', 12),
(0, 192010057, 'Fladia Marina Dewi', 'P', '12.D', 14),
(0, 192010058, 'Ghina Nurghoniyya', 'P', '12.C', 13),
(0, 192010059, 'Gyska Apriliza', 'P', '12.D', 14),
(0, 192010060, 'Haikal Ziady Luthfi', 'L', '12.B', 12),
(0, 192010061, 'Hainul Azizah', 'P', '12.E', 15),
(0, 192010062, 'Halilla Aprilia', 'P', '12.A', 11),
(0, 192010063, 'Hananas Syajar', 'P', '12.E', 15),
(0, 192010064, 'Helmia Damayanti', 'P', '12.B', 12),
(0, 192010065, 'Hikmal Ryansyah', 'L', '12.E', 15),
(0, 192010066, 'Ibnu Fadillah', 'L', '12.A', 11),
(0, 192010067, 'Ilham Herdiyansyah', 'L', '12.A', 11),
(0, 192010068, 'Indah Nuraini', 'P', '12.D', 14),
(0, 192010069, 'Indah Wulandari', 'P', '12.A', 11),
(0, 192010070, 'Intan Okta Silvia', 'P', '12.C', 13),
(0, 192010071, 'Iqbal Faturohman Tarmiji', 'L', '12.C', 13),
(0, 192010072, 'Jihan Dwi Putri', 'P', '12.B', 12),
(0, 192010073, 'Kava Ainun Fitri', 'P', '12.E', 15),
(0, 192010074, 'Ketut Pengkuh Anggarjito', 'L', '12.A', 11),
(0, 192010075, 'Khariza Bella Amalillah', 'P', '12.B', 12),
(0, 192010076, 'Khofifah Putri Ardiyanti', 'P', '12.D', 14),
(0, 192010077, 'Khoiri Suseno', 'L', '12.C', 13),
(0, 192010078, 'Liza Febrianti', 'P', '12.B', 12),
(0, 192010079, 'Luvfhita Septiani', 'P', '12.E', 15),
(0, 192010080, 'Marlinah', 'P', '12.B', 12),
(0, 192010081, 'Marsela Nadilah', 'P', '12.B', 12),
(0, 192010082, 'Melinda Riski Nur\'Aini', 'P', '12.B', 12),
(0, 192010083, 'Mohammad Kemal Alanbiya', 'L', '12.D', 14),
(0, 192010084, 'Mona Fitria Syatri', 'P', '12.A', 11),
(0, 192010085, 'Muhammad Aji Prasetya', 'L', '12.D', 14),
(0, 192010086, 'Muhamad Andhika Putra', 'L', '12.B', 12),
(0, 192010087, 'Muhammad Andika Maulana', 'L', '12.C', 13),
(0, 192010088, 'Muhammad Ardiansyah', 'L', '12.C', 13),
(0, 192010089, 'Muhamad Fazry Anshori', 'L', '12.B', 12),
(0, 192010090, 'Muhamad Fitroh', 'L', '12.C', 13),
(0, 192010091, 'Muhamad Rival', 'L', '12.A', 11),
(0, 192010092, 'Muhamad Rivaldo', 'L', '12.C', 13),
(0, 192010093, 'Muhammad Rizal', 'L', '12.B', 12),
(0, 192010094, 'Muhamad Rizki Nursalasah', 'L', '12.D', 14),
(0, 192010095, 'Muhammad Amris Syifa', 'L', '12.A', 11),
(0, 192010096, 'Muhammad Denis Heriansyah', 'L', '12.E', 15),
(0, 192010097, 'Muhammad Fadli Nur Afi', 'L', '12.D', 14),
(0, 192010098, 'Muhammad Farhan', 'L', '12.D', 14),
(0, 192010099, 'Muhammad Fauzan Zacky Alfathir', 'L', '12.C', 13),
(0, 192010100, 'Muhammad Laduni', 'L', '12.E', 15),
(0, 192010101, 'Muhammad Rafi Afriandi', 'L', '12.D', 14),
(0, 192010102, 'Muhammad Rauvbi Lutfiansyah', 'L', '12.D', 14),
(0, 192010103, 'Muhammad Ridho Febrian', 'L', '12.B', 12),
(0, 192010105, 'Muhammad Saepudin', 'L', '12.D', 14),
(0, 192010106, 'Muhammad Sahrul', 'L', '12.A', 11),
(0, 192010107, 'Muhammad Syahid Al\'Islami', 'L', '12.D', 14),
(0, 192010108, 'Mutiara Adin', 'P', '12.D', 14),
(0, 192010109, 'Nabela Yuliana', 'P', '12.C', 13),
(0, 192010110, 'Nabila Putri Rahmadhany', 'P', '12.D', 14),
(0, 192010111, 'Nadya Putri Salsabila', 'P', '12.B', 12),
(0, 192010112, 'Naila Salsabila', 'P', '12.D', 14),
(0, 192010113, 'Nanda Oktaviani', 'P', '12.C', 13),
(0, 192010114, 'Nandar Aditya', 'L', '12.C', 13),
(0, 192010115, 'Natasya Khalifa Aryanti', 'P', '12.C', 13),
(0, 192010116, 'Natasya Mulia Aprilriyanti', 'P', '12.C', 13),
(0, 192010117, 'Naufal Sumengkar', 'L', '12.B', 12),
(0, 192010118, 'Nazwa Ifqiatu Sholihah', 'P', '12.A', 11),
(0, 192010119, 'Nazwa Mutia Salbas', 'P', '12.B', 12),
(0, 192010120, 'Nessa Cantika Akbar', 'P', '12.D', 14),
(0, 192010122, 'Noersyah Jidan Caprico Arsa', 'L', '12.D', 14),
(0, 192010123, 'Nova Eliza', 'P', '12.A', 11),
(0, 192010124, 'Nur Alfani Zahroh', 'P', '12.E', 15),
(0, 192010125, 'Nur Atikah Syahwan', 'P', '12.D', 14),
(0, 192010126, 'Nur Hidayah Tulloh', 'L', '12.E', 15),
(0, 192010127, 'Nur Sakinah Amatullah Aliyah', 'P', '12.E', 15),
(0, 192010128, 'Nurhani Hernika', 'P', '12.B', 12),
(0, 192010129, 'Nurlia Dewi Maya Lestari', 'P', '12.B', 12),
(0, 192010130, 'Nurul Amalia', 'P', '12.D', 14),
(0, 192010131, 'Octavia Rahmadani', 'P', '12.C', 13),
(0, 192010132, 'Oki Syaputra', 'L', '12.A', 11),
(0, 192010133, 'Putra Al Furqon', 'L', '12.C', 13),
(0, 192010134, 'Putri Ramadhani', 'P', '12.D', 14),
(0, 192010135, 'Rafi Andika Putra', 'L', '12.E', 15),
(0, 192010136, 'Rahma Aliyah Arazi', 'P', '12.C', 13),
(0, 192010137, 'Rahma Fitria Lestari', 'P', '12.D', 14),
(0, 192010138, 'Rahma Melati', 'P', '12.A', 11),
(0, 192010139, 'Rahmah Syaqilah', 'P', '12.E', 15),
(0, 192010140, 'Raihan Ferdiansyah', 'L', '12.E', 15),
(0, 192010141, 'Rani Sri Rahayu', 'P', '12.A', 11),
(0, 192010142, 'Renty Amanda Afifah Rizanti', 'P', '12.C', 13),
(0, 192010143, 'Resyan Saputra', 'L', '12.A', 11),
(0, 192010144, 'Retha Hana Afifah Rizanti', 'P', '12.B', 12),
(0, 192010145, 'Reza Rido Adi Saputra', 'L', '12.B', 12),
(0, 192010146, 'Ria Wahyuni', 'P', '12.E', 15),
(0, 192010147, 'Rifkha Salsabilah', 'P', '12.B', 12),
(0, 192010148, 'Rini Oktavia', 'P', '12.E', 15),
(0, 192010149, 'Rio Rizky Mulyono', 'L', '12.E', 15),
(0, 192010150, 'Rista Oktaviansyah', 'P', '12.D', 14),
(0, 192010151, 'Risti Saputri', 'P', '12.A', 11),
(0, 192010152, 'Rizka Aprilia Fauziah', 'P', '12.A', 11),
(0, 192010153, 'Rizky Isnaini Nur Asysyams', 'P', '12.B', 12),
(0, 192010154, 'Rizky Maulana', 'L', '12.A', 11),
(0, 192010155, 'Rizky Nur Fajar', 'L', '12.E', 15),
(0, 192010156, 'Sabian Putra Rachmana', 'L', '12.C', 13),
(0, 192010157, 'Sabna Oktaviana Muchlisa', 'P', '12.D', 14),
(0, 192010158, 'Sahrul Ramdani', 'L', '12.C', 13),
(0, 192010159, 'Salsa Aprilia', 'P', '12.C', 13),
(0, 192010160, 'Salsa Febri Rosdiana', 'P', '12.C', 13),
(0, 192010161, 'Sarmilah', 'P', '12.D', 14),
(0, 192010162, 'Sava Najwatun Kanaya', 'P', '12.E', 15),
(0, 192010163, 'Selvi Puspa Yanti', 'P', '12.A', 11),
(0, 192010164, 'Septi Ayu Perwaningsih', 'P', '12.D', 14),
(0, 192010165, 'Shela Nadilah', 'P', '12.E', 15),
(0, 192010166, 'Sifa Nur Aulia', 'P', '12.A', 11),
(0, 192010167, 'Siti Fatimah Zahro', 'P', '12.E', 15),
(0, 192010168, 'Siti Jumaniah', 'P', '12.D', 14),
(0, 192010169, 'Sri Indiarti', 'P', '12.D', 14),
(0, 192010170, 'Sulti Rohamah', 'P', '12.D', 14),
(0, 192010171, 'Syafira', 'P', '12.B', 12),
(0, 192010172, 'Syifa Rahmah Fauziah', 'P', '12.C', 13),
(0, 192010173, 'Syifa Salsabillah Anshori', 'P', '12.C', 13),
(0, 192010174, 'Tiara Indriyani', 'P', '12.E', 15),
(0, 192010175, 'Tri Ananda', 'P', '12.A', 11),
(0, 192010176, 'Tubagus Akhyar', 'L', '12.E', 15),
(0, 192010177, 'Verinda Kristiamaya', 'P', '12.A', 11),
(0, 192010178, 'Very Agustiawan', 'L', '12.B', 12),
(0, 192010179, 'Widiarti', 'P', '12.E', 15),
(0, 192010180, 'Wiwit Mulya Ningsih', 'P', '12.C', 13),
(0, 192010181, 'Wulan Mega Sintya', 'P', '12.D', 14),
(0, 192010182, 'Yanita Barokah Asysyahbani', 'P', '12.E', 15),
(0, 192010183, 'Yogi Arie Pratama', 'L', '12.B', 12),
(0, 192010184, 'Yunita Anggraini', 'P', '12.B', 12),
(0, 192010185, 'Yustira Amanda', 'P', '12.A', 11),
(0, 192010186, 'Zahra Amelia Putri', 'P', '12.A', 11),
(0, 192010187, 'Zikri Hafis Saputra', 'L', '12.D', 14),
(0, 192010188, 'Zulfikar Nur Fajri', 'L', '12.B', 12),
(0, 192010190, 'Eriyanti', 'P', '12.A', 11),
(0, 192010191, 'Arbil Wildan Al Farabi', 'L', '12.C', 13),
(0, 192010192, 'Agna Denny Pratama', 'L', '12.E', 15),
(0, 192010193, 'Muhamad Haikal Ilham', 'L', '12.E', 15),
(0, 202110001, 'Abdul Fadilah Ramadhan', 'L', '11.A', 6),
(0, 202110002, 'Abdul Fauzi', 'L', '11.C', 8),
(0, 202110003, 'Abdul Jabbar', 'L', '11.E', 10),
(0, 202110004, 'Abiyyu Nabil Wibowo', 'L', '11.A', 6),
(0, 202110005, 'Ade Irdiansyah Wijaya', 'L', '11.B', 7),
(0, 202110006, 'Ade Muhammad Alif', 'L', '11.C', 8),
(0, 202110007, 'Ade Risky Darmawan', 'L', '11.C', 8),
(0, 202110008, 'Adiba Azzahra', 'P', '11.D', 10),
(0, 202110009, 'Adinda Herliyana Putri', 'P', '11.A', 6),
(0, 202110010, 'Adinda Novaria Rahmasalwa', 'P', '11.D', 10),
(0, 202110011, 'Aditya Alfauzi', 'L', '11.B', 7),
(0, 202110012, 'Aditya Daffa Awaluddin Putra', 'L', '11.D', 10),
(0, 202110013, 'Adrian Dwi Kusmulyanto', 'L', '11.B', 7),
(0, 202110014, 'Aisyah Putri Dahlia', 'P', '11.E', 10),
(0, 202110015, 'Aisyah Septiani', 'P', '11.E', 10),
(0, 202110016, 'Alfia Samara Maulida', 'P', '11.D', 10),
(0, 202110017, 'Alifia Salsabila', 'P', '11.C', 8),
(0, 202110018, 'Alifian Nur Rizky', 'L', '11.C', 8),
(0, 202110019, 'Alika Zalfa', 'P', '11.E', 10),
(0, 202110020, 'Amanda Vika Mey Salamah', 'P', '11.E', 10),
(0, 202110021, 'Ambar Amelia Sari', 'P', '11.A', 6),
(0, 202110022, 'Amelia Putri', 'P', '11.E', 10),
(0, 202110023, 'Amelia Putri', 'P', '11.A', 6),
(0, 202110024, 'Andhika Maulana Akbar', 'L', '11.E', 10),
(0, 202110025, 'Andika', 'L', '11.D', 10),
(0, 202110026, 'Andina Nusyakila ', 'P', '11.D', 10),
(0, 202110027, 'Andini Suciwati', 'P', '11.C', 8),
(0, 202110028, 'Andriansyah', 'L', '11.C', 8),
(0, 202110029, 'Anisa Amalia', 'P', '11.A', 6),
(0, 202110030, 'Anisa Dwiyanti', 'P', '11.B', 7),
(0, 202110031, 'Anisa Maulina', 'P', '11.B', 7),
(0, 202110032, 'Anisa Rahmawati', 'P', '11.E', 10),
(0, 202110033, 'Arifah Nurcahya', 'P', '11.D', 10),
(0, 202110034, 'Arjun Dimas Samudro', 'L', '11.D', 10),
(0, 202110035, 'Arya Aprija', 'L', '11.A', 6),
(0, 202110036, 'Asep Hermawan', 'L', '11.C', 8),
(0, 202110037, 'Aulia Rahma', 'P', '11.C', 8),
(0, 202110038, 'Azzahra Putri Ardita', 'P', '11.A', 6),
(0, 202110039, 'Bagus Ridwansyah', 'L', '11.A', 6),
(0, 202110040, 'Bangbang Sinetra', 'L', '11.C', 8),
(0, 202110041, 'Bunga Annisa', 'P', '11.A', 6),
(0, 202110042, 'Bunga Mu\'Zijati Fahdi', 'P', '11.D', 10),
(0, 202110043, 'Bunga Nurhalida', 'P', '11.D', 10),
(0, 202110044, 'Cica Maulia Syahrani', 'P', '11.A', 6),
(0, 202110045, 'Cipta Awalia Herawati', 'P', '11.C', 8),
(0, 202110046, 'Dafa Amanda Nabilah', 'P', '11.D', 10),
(0, 202110047, 'Dafa Iqromi Pratama', 'L', '11.D', 10),
(0, 202110048, 'Defan Fadillah', 'L', '11.A', 6),
(0, 202110049, 'Della Aprilia', 'P', '11.E', 10),
(0, 202110050, 'Denis Andriansah', 'L', '11.A', 6),
(0, 202110051, 'Depis Nopiyanto Saputra', 'L', '11.E', 10),
(0, 202110052, 'Desty Berliana', 'P', '11.B', 7),
(0, 202110053, 'Dillah Shalsa Billah', 'P', '11.A', 6),
(0, 202110054, 'Dimas Ikhsan Ali', 'L', '11.D', 10),
(0, 202110055, 'Dina', 'P', '11.B', 7),
(0, 202110056, 'Dinda Khoirunisa', 'P', '11.C', 8),
(0, 202110057, 'Diva Rahmadani', 'P', '11.E', 10),
(0, 202110059, 'Erni Wulandari', 'P', '11.C', 8),
(0, 202110060, 'Eva Puspita Sari', 'P', '11.E', 10),
(0, 202110061, 'Fadia Nazwa Ahmad', 'P', '11.B', 7),
(0, 202110062, 'Fahrizal Saputra', 'L', '11.E', 10),
(0, 202110063, 'Fazle Mawla', 'L', '11.D', 10),
(0, 202110064, 'Femi Oktafiana Lupi', 'P', '11.D', 10),
(0, 202110065, 'Fikri Muhammad Ilham', 'L', '11.B', 7),
(0, 202110066, 'Fingkan', 'P', '11.A', 6),
(0, 202110067, 'Firda Dea Zaharani', 'P', '11.B', 7),
(0, 202110068, 'Fitria Maharani', 'P', '11.A', 6),
(0, 202110069, 'Fitriana', 'P', '11.E', 10),
(0, 202110070, 'Gita Sri Amelia', 'P', '11.D', 10),
(0, 202110071, 'Gitalis Maharani', 'P', '11.C', 8),
(0, 202110072, 'Gusnaedi', 'L', '11.E', 10),
(0, 202110073, 'Hanifa Salsabilla', 'P', '11.D', 10),
(0, 202110074, 'Hanifa Muqsithah', 'P', '11.E', 10),
(0, 202110075, 'Hanifah Nurkamila', 'P', '11.B', 7),
(0, 202110076, 'Hanipah Muslimah', 'P', '11.E', 10),
(0, 202110077, 'Hasya Darin Athirah', 'P', '11.E', 10),
(0, 202110078, 'Hesti Amalia Putri', 'P', '11.E', 10),
(0, 202110079, 'Hilmi Juliansyah Ramli', 'L', '11.A', 6),
(0, 202110080, 'Jiyadul Hafidz', 'L', '11.B', 7),
(0, 202110081, 'Kameylia Susanti', 'P', '11.A', 6),
(0, 202110082, 'Kartika Maulidya', 'P', '11.C', 8),
(0, 202110083, 'Lidia Apriyanti', 'P', '11.A', 6),
(0, 202110084, 'Lukman', 'L', '11.A', 6),
(0, 202110085, 'Lulu Huliayahi Ilmiati', 'P', '11.D', 10),
(0, 202110086, 'Luthfi Baihaqi', 'L', '11.D', 10),
(0, 202110087, 'Luthfiana Aldi', 'L', '11.B', 7),
(0, 202110088, 'Lya Aulia Ramadhani', 'P', '11.B', 7),
(0, 202110089, 'Mahesa Rabiil Izzati', 'L', '11.D', 10),
(0, 202110090, 'Marsinda Karuniawati', 'P', '11.B', 7),
(0, 202110091, 'Maulana', 'L', '11.E', 10),
(0, 202110092, 'Meilani', 'P', '11.A', 6),
(0, 202110093, 'Melisa Mutiara Sari', 'P', '11.D', 10),
(0, 202110094, 'Michael Ali Perdana', 'L', '11.B', 7),
(0, 202110095, 'Miftah Aulia Rachman', 'P', '11.A', 6),
(0, 202110096, 'Mila Amelia', 'P', '11.B', 7),
(0, 202110097, 'Mirna Trisnawati', 'P', '11.B', 7),
(0, 202110098, 'Moehammad Rizaldi Ubaydillah', 'L', '11.D', 10),
(0, 202110099, 'Muh Syahrul Rizky', 'L', '11.E', 10),
(0, 202110100, 'Muhamad Dandi Purwanto', 'L', '11.C', 8),
(0, 202110101, 'Muhamad Nur Syahid', 'L', '11.C', 8),
(0, 202110102, 'Muhamad Ridwan', 'L', '11.B', 7),
(0, 202110103, 'Muhamad Syamil Gaza', 'L', '11.C', 8),
(0, 202110104, 'Muhammad Akbar Priyadi', 'L', '11.A', 6),
(0, 202110105, 'Muhammad Alfha Randi', 'L', '11.B', 7),
(0, 202110106, 'Muhammad Alifend Ghiffari', 'L', '11.B', 7),
(0, 202110107, 'Muhammad Alviansyah', 'L', '11.C', 8),
(0, 202110108, 'Muhammad Dhafin Rizqullah', 'L', '11.A', 6),
(0, 202110109, 'Muhammad Fadhlan Prayoga', 'L', '11.D', 10),
(0, 202110110, 'Muhammad Fadhli Amri', 'L', '11.A', 6),
(0, 202110111, 'Muhammad Fajar Abdilah', 'L', '11.E', 10),
(0, 202110112, 'Muhammad Fajar Fadilah', 'L', '11.A', 6),
(0, 202110113, 'Muhammad Faqih', 'L', '11.A', 6),
(0, 202110114, 'Muhammad Fauzan Al Ikhwan', 'L', '11.E', 10),
(0, 202110115, 'Muhammad Fhasah', 'L', '11.B', 7),
(0, 202110116, 'Muhammad Naufal Musthafa', 'L', '11.B', 7),
(0, 202110117, 'Muhammad Rizki Ramadhan', 'L', '11.D', 10),
(0, 202110118, 'Muhammad Rizky Kurniawan', 'L', '11.E', 10),
(0, 202110119, 'Muhammad Syamsul Ma\'Arif', 'L', '11.B', 7),
(0, 202110120, 'Muhammad Tegar Febriansyah', 'L', '11.B', 7),
(0, 202110121, 'Munawaroh', 'P', '11.B', 7),
(0, 202110122, 'Mutiara Nadya', 'P', '11.C', 8),
(0, 202110123, 'Nabila Agustin', 'P', '11.C', 8),
(0, 202110124, 'Nabila Nazwariel', 'P', '11.E', 10),
(0, 202110125, 'Nabilla Yulianti', 'P', '11.D', 10),
(0, 202110126, 'Nachua Salsabrina Chania', 'P', '11.B', 7),
(0, 202110127, 'Nadia Fitriyani', 'P', '11.C', 8),
(0, 202110128, 'Naila Ismi', 'P', '11.C', 8),
(0, 202110129, 'Naila Putri Ramadhani', 'P', '11.C', 8),
(0, 202110130, 'Najah Akrimina Fillah', 'P', '11.A', 6),
(0, 202110131, 'Najwa Aulia Sari', 'P', '11.E', 10),
(0, 202110132, 'Nasywa Eka Putri', 'P', '11.A', 6),
(0, 202110133, 'Nazwa Parhadila', 'P', '11.B', 7),
(0, 202110134, 'Nia Apriyana', 'P', '11.C', 8),
(0, 202110135, 'Nia Septiyana', 'P', '11.B', 7),
(0, 202110136, 'Nicko Nurholis Saputra', 'L', '11.A', 6),
(0, 202110137, 'Nuna Novaristha', 'P', '11.B', 7),
(0, 202110138, 'Nur Afifah', 'P', '11.C', 8),
(0, 202110139, 'Nur Faizal', 'L', '11.C', 8),
(0, 202110140, 'Nur Faizatul Jannah', 'P', '11.B', 7),
(0, 202110141, 'Nur Fujianti', 'P', '11.A', 6),
(0, 202110142, 'Nurmaya Sari', 'P', '11.E', 10),
(0, 202110143, 'Nurul Angelica', 'P', '11.C', 8),
(0, 202110144, 'Okta Fahriyan Nur Ramadhan', 'L', '11.B', 7),
(0, 202110145, 'Olivia Laurenza Abdoel', 'P', '11.C', 8),
(0, 202110146, 'Putra Adrian Triyanto', 'L', '11.E', 10),
(0, 202110147, 'Raden Roro Rindiyani Nurhalliza', 'P', '11.E', 10),
(0, 202110148, 'Rafly Fajar Syauqi', 'L', '11.A', 6),
(0, 202110149, 'Rahmah Ningsih', 'P', '11.D', 10),
(0, 202110150, 'Rahmat Dwi Haryanto', 'L', '11.D', 10),
(0, 202110151, 'Raisa Ning Diah', 'P', '11.C', 8),
(0, 202110152, 'Ratu Chairunnisa', 'P', '11.D', 10),
(0, 202110153, 'Raya Aditya Putra Jarkasih', 'L', '11.E', 10),
(0, 202110154, 'Rena Gustiyana', 'P', '11.C', 8),
(0, 202110155, 'Reni Adinda Gustiyani', 'P', '11.B', 7),
(0, 202110156, 'Reyvanza Rizkie Pratama', 'L', '11.D', 10),
(0, 202110157, 'Ridwan Rudi Wibowo', 'L', '11.D', 10),
(0, 202110158, 'Rika Irawan', 'P', '11.C', 8),
(0, 202110159, 'Rinjani Ghaitsa Zahira', 'P', '11.E', 10),
(0, 202110160, 'Riska Aulia', 'P', '11.E', 10),
(0, 202110161, 'Riyan Nur Arfansyah', 'L', '11.C', 8),
(0, 202110162, 'Riyanti Nur Utari', 'P', '11.D', 10),
(0, 202110163, 'Rizky Pratama Irawan', 'L', '11.E', 10),
(0, 202110164, 'Rizla Muhadira', 'P', '11.D', 10),
(0, 202110165, 'Robiansyah', 'L', '11.E', 10),
(0, 202110166, 'Ryandra Nazra Haryadi', 'L', '11.E', 10),
(0, 202110167, 'Ryendra Nezra Haryadi', 'L', '11.C', 8),
(0, 202110168, 'Sabrina Alifatunnisa', 'P', '11.B', 7),
(0, 202110169, 'Safitri Ramadani', 'P', '11.D', 10),
(0, 202110170, 'Salsabila Meidiana Putri Nur Zahroh', 'P', '11.C', 8),
(0, 202110171, 'Satrio Achmad Fahrezi', 'L', '11.D', 10),
(0, 202110172, 'Septya Putri', 'P', '11.A', 6),
(0, 202110173, 'Shafa Salsabilah Nugraha', 'P', '11.D', 10),
(0, 202110174, 'Shalu Izzatu Azzahra', 'P', '11.C', 8),
(0, 202110175, 'Shofiyah Ramadhani', 'P', '11.B', 7),
(0, 202110176, 'Sinta Nur Hafifah', 'P', '11.A', 6),
(0, 202110177, 'Sinta Nuryah Rahmawati', 'P', '11.B', 7),
(0, 202110178, 'Siti Mutiara Husna', 'P', '11.D', 10),
(0, 202110179, 'Siti Nur Halizah', 'P', '11.A', 6),
(0, 202110180, 'Siti Nurhaliza', 'P', '11.E', 10),
(0, 202110181, 'Siti Saidah', 'P', '11.D', 10),
(0, 202110182, 'Siva Anggraeni', 'P', '11.A', 6),
(0, 202110183, 'Sutrisno', 'L', '11.A', 6),
(0, 202110184, 'Syifa Nur Maulidya', 'P', '11.C', 8),
(0, 202110185, 'Syifa Ramadhani Octavia', 'P', '11.E', 10),
(0, 202110186, 'Tiara Maharani', 'P', '11.D', 10),
(0, 202110187, 'Tri Wahyudhi', 'L', '11.C', 8),
(0, 202110188, 'Tri Wulandari', 'P', '11.E', 10),
(0, 202110189, 'Wiranata Yudha', 'L', '11.B', 7),
(0, 202110190, 'Yuda Satria Ramadhan', 'L', '11.E', 10),
(0, 202110191, 'Yunita Putri Asmiati', 'P', '11.B', 7),
(0, 202110192, 'Zahra Nur Aulia ', 'P', '11.A', 6),
(0, 202110193, 'Pujhi Syafrianza', 'P', '11.D', 10),
(0, 202120193, 'Inayah Aulia Putri', 'P', '12.B', 12),
(0, 212210001, 'Adelia Ramadani Putri', 'P', '10.E', 5),
(0, 212210002, 'Aditya Saputra', 'L', '10.E', 5),
(0, 212210003, 'Adysti Suci Jayantri', 'P', '10.C', 3),
(0, 212210004, 'Afrida Maulidya', 'P', '10.C', 3),
(0, 212210005, 'Agnia Miftahurizqi Efendi', 'P', '10.B', 2),
(0, 212210006, 'Agung Pria Pratama', 'L', '10.E', 5),
(0, 212210007, 'Ahmad Fauzan', 'L', '10.A', 1),
(0, 212210008, 'Ahmad Fauzi', 'L', '10.B', 2),
(0, 212210009, 'Ahmad Rosi Yago', 'L', '10.A', 1),
(0, 212210010, 'Airin Lyta Novianti', 'P', '10.A', 1),
(0, 212210011, 'Aisyah Rachmatika', 'P', '10.D', 4),
(0, 212210012, 'Ajeng Nur Alfiyah', 'P', '10.D', 4),
(0, 212210013, 'Akhdan Faqih Athallah', 'L', '10.A', 1),
(0, 212210014, 'Alfira Aryanti', 'P', '10.C', 3),
(0, 212210015, 'Aliya Meva', 'P', '10.A', 1),
(0, 212210016, 'Alpi Nurlela', 'P', '10.E', 5),
(0, 212210017, 'Alviya Meva', 'P', '10.A', 1),
(0, 212210018, 'Alya Maulidia', 'P', '10.E', 5),
(0, 212210019, 'Alya Safitri Handayani', 'P', '10.B', 2),
(0, 212210020, 'Amanda Putri', 'P', '10.B', 2),
(0, 212210021, 'Amel Alpiona', 'P', '10.C', 3),
(0, 212210022, 'Amiarti Aprillianti', 'P', '10.C', 3),
(0, 212210023, 'Andini Pebriani Putri', 'P', '10.B', 2),
(0, 212210024, 'Ane Putri Widiyanti', 'P', '10.B', 2),
(0, 212210025, 'Annisa Putri Amalia', 'P', '10.D', 4),
(0, 212210026, 'Apriansyah', 'L', '10.A', 1),
(0, 212210027, 'Aras Meisya Nur Aini', 'P', '10.A', 1),
(0, 212210028, 'Asmirandah Novita Syawalni', 'P', '10.D', 4),
(0, 212210029, 'Assaini Hafidz Raja', 'L', '10.A', 1),
(0, 212210030, 'Astri Anggun Pratiwi', 'P', '10.B', 2),
(0, 212210031, 'Athifah Khalisah', 'P', '10.B', 2),
(0, 212210032, 'Aulia Fitriana', 'P', '10.D', 4),
(0, 212210033, 'Aulia Syifa Artati', 'P', '10.B', 2),
(0, 212210034, 'Aziza Syifa Annisa', 'P', '10.D', 4),
(0, 212210035, 'Bagas Kapriansyah', 'L', '10.E', 5),
(0, 212210036, 'Bunga Cantika', 'P', '10.A', 1),
(0, 212210037, 'Cahya Kamilah', 'P', '10.A', 1),
(0, 212210038, 'Ceasar Trihutama Biya', 'L', '10.C', 3),
(0, 212210039, 'Cecilia Saragih', 'P', '10.B', 2),
(0, 212210040, 'Chalista Nathalie BR Siregar', 'P', '10.E', 5),
(0, 212210041, 'Chyntia Zahra', 'P', '10.B', 2),
(0, 212210042, 'Cindi Aprilia', 'P', '10.B', 2),
(0, 212210043, 'Dandi Kurniawan', 'L', '10.C', 3),
(0, 212210044, 'Dea Aisyah', 'P', '10.E', 5),
(0, 212210045, 'Dea Julia', 'P', '10.B', 2),
(0, 212210046, 'Dendra Saputra', 'L', '10.B', 2),
(0, 212210047, 'Deni Firmansyah', 'L', '10.B', 2),
(0, 212210048, 'Desti Mega Utami', 'P', '10.E', 5),
(0, 212210049, 'Desti Widiastuti', 'P', '10.E', 5),
(0, 212210050, 'Disya Aulia', 'P', '10.D', 4),
(0, 212210051, 'Dzaki Ramadan', 'L', '10.E', 5),
(0, 212210052, 'Elcha Luthfi Raichka', 'P', '10.C', 3),
(0, 212210053, 'Exellica Alfita Maharani Widodo', 'P', '10.E', 5),
(0, 212210054, 'Fachry Tayassara Iskandar', 'L', '10.D', 4),
(0, 212210055, 'Farhan Maulana', 'L', '10.B', 2),
(0, 212210056, 'Farhan Rizqulloh', 'L', '10.E', 5),
(0, 212210057, 'Fauzan Nur Karunia', 'L', '10.D', 4),
(0, 212210058, 'Feliya Nanda Resta', 'P', '10.C', 3),
(0, 212210059, 'Fikar Maulana', 'L', '10.B', 2),
(0, 212210060, 'Fikri Dwi Andika', 'L', '10.D', 4),
(0, 212210061, 'Firjin Aprilyana Trita', 'P', '10.E', 5),
(0, 212210062, 'Gisca Delia Dwi Putri', 'P', '10.C', 3),
(0, 212210063, 'Hadi Irwansyah', 'L', '10.D', 4),
(0, 212210064, 'Haikal Febrian', 'L', '10.A', 1),
(0, 212210065, 'Hanura Febrianti', 'P', '10.A', 1),
(0, 212210066, 'Hernawati', 'P', '10.A', 1),
(0, 212210067, 'Hima Syarifah', 'P', '10.E', 5),
(0, 212210068, 'Imelda Maulidya', 'P', '10.C', 3),
(0, 212210069, 'Indana Zulfa', 'P', '10.D', 4),
(0, 212210070, 'Indra Febriansyah', 'L', '10.E', 5),
(0, 212210071, 'Indra Permana Putra', 'L', '10.A', 1),
(0, 212210072, 'Indri Alfi Syahri', 'P', '10.B', 2),
(0, 212210073, 'Indri Faisa Azahra', 'P', '10.E', 5),
(0, 212210074, 'Intan Purnamasari', 'P', '10.B', 2),
(0, 212210075, 'Isnaya Difa', 'P', '10.A', 1),
(0, 212210076, 'Jasmine Chandra Syakirina', 'P', '10.B', 2),
(0, 212210077, 'Jeklyn Ramadhan Aditya Pradawa', 'L', '10.C', 3),
(0, 212210078, 'Jovaneka Ardhis Sulaeman', 'L', '10.C', 3),
(0, 212210079, 'Karina Sartika Dewi', 'P', '10.C', 3),
(0, 212210080, 'Kayla Tiara', 'P', '10.B', 2),
(0, 212210081, 'Keke Amelia', 'P', '10.B', 2),
(0, 212210082, 'Khairun Nisa', 'P', '10.A', 1),
(0, 212210083, 'Kurnia Rhomadoni', 'L', '10.D', 4),
(0, 212210084, 'M. Dicka', 'L', '10.E', 5),
(0, 212210085, 'M. Dicki', 'L', '10.D', 4),
(0, 212210086, 'M. Fathir Ramadhan', 'L', '10.B', 2),
(0, 212210087, 'M. Naufal Ramadhan', 'L', '10.A', 1),
(0, 212210088, 'Maharani Dwi Putri Cahyadi', 'P', '10.C', 3),
(0, 212210089, 'Mahwa Syanata Az Zahwa', 'P', '10.C', 3),
(0, 212210090, 'Marisa Ayu Fatimah', 'P', '10.A', 1),
(0, 212210091, 'Maulana Hafiansyah', 'L', '10.D', 4),
(0, 212210092, 'Maulana Nazriel Ilham', 'L', '10.E', 5),
(0, 212210093, 'Maya Mulyani', 'P', '10.C', 3),
(0, 212210094, 'Mohamad Rahmad Ramdani', 'L', '10.D', 4),
(0, 212210095, 'Mohammad Faqy Da\'uf', 'L', '10.A', 1),
(0, 212210096, 'Mohammad Ridho Noviansyah', 'L', '10.C', 3),
(0, 212210097, 'Muhamad Alamsyah', 'L', '10.B', 2),
(0, 212210098, 'Muhamad Ilham Nadiyansyah', 'L', '10.A', 1),
(0, 212210099, 'Muhamad Rizky Septiawan', 'L', '10.A', 1),
(0, 212210100, 'Muhamad Stevan', 'L', '10.D', 4),
(0, 212210101, 'Muhamad Yusril Hinayah', 'L', '10.C', 3),
(0, 212210102, 'Muhammad Abdullah Bawazir', 'L', '10.C', 3),
(0, 212210103, 'Muhammad Adrian Madani', 'L', '10.C', 3),
(0, 212210104, 'Muhammad Alfareza Az Zahran', 'L', '10.A', 1),
(0, 212210105, 'Muhammad Aqwam kamil', 'L', '10.C', 3),
(0, 212210106, 'Muhammad Fadly Ramadhan', 'L', '10.C', 3),
(0, 212210107, 'Muhammad Fazry Ramadhan', 'L', '10.E', 5),
(0, 212210108, 'Muhammad Gianvillahi Nasution', 'L', '10.B', 2),
(0, 212210109, 'Muhammad Hafidz', 'L', '10.B', 2),
(0, 212210110, 'Muhammad Rafi Pratama', 'L', '10.D', 4),
(0, 212210111, 'Muhammad Ragil', 'L', '10.B', 2),
(0, 212210112, 'Muhammad Ramdani Saputra', 'L', '10.D', 4),
(0, 212210113, 'Muhammad Randu Ramadhan', 'L', '10.C', 3),
(0, 212210114, 'Muhammad Ridho', 'L', '10.B', 2),
(0, 212210115, 'Muhammad Ridho Nur Akbar', 'L', '10.C', 3),
(0, 212210116, 'Muhammad Rizky Nur Maulana', 'L', '10.E', 5),
(0, 212210117, 'Muhammad Taufik Nurrahman', 'L', '10.D', 4),
(0, 212210118, 'Nabila Rahma Ayu', 'P', '10.D', 4),
(0, 212210119, 'Nabilah Ulfa Sa\'adah', 'P', '10.D', 4),
(0, 212210120, 'Nabilla Maharani', 'P', '10.C', 3),
(0, 212210121, 'Natasya Aulia', 'P', '10.D', 4),
(0, 212210122, 'Naura Arvina', 'P', '10.C', 3),
(0, 212210123, 'Nawrah Hasna Zahra Salsabila', 'P', '10.D', 4),
(0, 212210124, 'Nayla Zahwa Alifa Rahma', 'P', '10.D', 4),
(0, 212210125, 'Naza Medina Cecilia Utami', 'P', '10.D', 4),
(0, 212210126, 'Nazarrio Vicky Afandi', 'L', '10.B', 2),
(0, 212210127, 'Nazwa Amelia Putri', 'P', '10.D', 4),
(0, 212210128, 'Nazwa Salsabila', 'P', '10.A', 1),
(0, 212210129, 'Nazwa Shafura Fauziah', 'P', '10.E', 5),
(0, 212210130, 'Neng Hansah', 'P', '10.D', 4),
(0, 212210131, 'Nesya Putri Aulika', 'P', '10.A', 1),
(0, 212210132, 'Noviyana Hardiyani', 'P', '10.E', 5),
(0, 212210133, 'Nur Fitriyanti', 'P', '10.C', 3),
(0, 212210134, 'Nur Intan Juwita', 'P', '10.A', 1),
(0, 212210135, 'Nurul Laili', 'P', '10.E', 5),
(0, 212210136, 'Nurul Zahro', 'P', '10.B', 2),
(0, 212210137, 'Nurulita Aryani', 'P', '10.B', 2),
(0, 212210138, 'Putri Nur Maulidia', 'P', '10.E', 5),
(0, 212210139, 'Qisthy Nur Jawanty', 'P', '10.C', 3),
(0, 212210140, 'Rahmi Aulia Nisa', 'P', '10.D', 4),
(0, 212210141, 'Raka Aldiansyah Putra', 'L', '10.B', 2),
(0, 212210142, 'Rangga Saputra', 'L', '10.A', 1),
(0, 212210143, 'Regina Oktavia Anwar', 'P', '10.E', 5),
(0, 212210144, 'Rena Dwi Ananta', 'L', '10.A', 1),
(0, 212210145, 'Reva Marcella', 'P', '10.C', 3),
(0, 212210146, 'Revalina Putri Jahara', 'P', '10.E', 5),
(0, 212210147, 'Revica Nur Aini', 'P', '10.C', 3),
(0, 212210148, 'Rian Darmawan', 'L', '10.E', 5),
(0, 212210149, 'Rian Dias Saputra', 'L', '10.E', 5),
(0, 212210150, 'Ridho Febrian', 'L', '10.E', 5),
(0, 212210151, 'Ridwan Mahesa', 'L', '10.E', 5),
(0, 212210152, 'Rifana Zaida Putri', 'P', '10.B', 2),
(0, 212210153, 'Rifqi Eka putra', 'L', '10.D', 4),
(0, 212210154, 'Riska Amelia', 'P', '10.C', 3),
(0, 212210155, 'Rita Fitri Yani', 'P', '10.E', 5),
(0, 212210156, 'Riyanni Amelia Savitri', 'P', '10.D', 4),
(0, 212210157, 'Riza Eka Saputra', 'L', '10.D', 4),
(0, 212210158, 'Rizky Rivaldi', 'L', '10.C', 3),
(0, 212210159, 'Robby Rohmatulloh', 'L', '10.C', 3),
(0, 212210160, 'Sahrul Surya Saputra', 'L', '10.A', 1),
(0, 212210161, 'Salman Rajabi', 'L', '10.D', 4),
(0, 212210162, 'Salsabilah', 'P', '10.B', 2),
(0, 212210163, 'Salwa Safitri', 'P', '10.C', 3),
(0, 212210164, 'Salwa Tsabita', 'P', '10.D', 4),
(0, 212210165, 'Sandra Adelia', 'P', '10.D', 4),
(0, 212210166, 'Saskia Nur Haliza', 'P', '10.E', 5),
(0, 212210167, 'Saskirani Ramadhanty', 'P', '10.E', 5),
(0, 212210168, 'Savina Naza Rahmadhani', 'P', '10.C', 3),
(0, 212210169, 'Shaskia Anggraini', 'P', '10.E', 5),
(0, 212210170, 'Shiva Nur Az Zahra', 'P', '10.D', 4),
(0, 212210171, 'Siti Hopipah Sopiah', 'P', '10.D', 4),
(0, 212210172, 'Siti Komariah', 'P', '10.D', 4),
(0, 212210173, 'Siti Sintiawati', 'P', '10.E', 5),
(0, 212210174, 'Surya Lesmana Putra', 'L', '10.A', 1),
(0, 212210175, 'Sya\'ban Prakasa', 'L', '10.A', 1),
(0, 212210176, 'Syafa Isya Riswanto', 'L', '10.D', 4),
(0, 212210177, 'Syahidah Nururrahmah', 'P', '10.A', 1),
(0, 212210178, 'Syameel Abdul Jabar', 'L', '10.C', 3),
(0, 212210179, 'Syifa Shafira', 'P', '10.B', 2),
(0, 212210180, 'Tiara Gusti Rahmawati', 'P', '10.A', 1),
(0, 212210181, 'Trista Alea Suhirman', 'P', '10.A', 1),
(0, 212210182, 'Uum', 'P', '10.E', 5),
(0, 212210183, 'Valentino Reza Pahlevi', 'L', '10.B', 2),
(0, 212210184, 'Valiza Dwi Andini', 'P', '10.A', 1),
(0, 212210185, 'Wanda Syakila', 'P', '10.A', 1),
(0, 212210186, 'Widya Wulandhari', 'P', '10.A', 1),
(0, 212210187, 'Yasmin Syahla', 'P', '10.B', 2),
(0, 212210188, 'Yoga Ari Putra', 'L', '10.E', 5),
(0, 212210189, 'Yogi Ari Putra', 'L', '10.C', 3),
(0, 212210190, 'Yusuf Solahudin', 'L', '10.A', 1),
(0, 212210191, 'Zahitd Alden Wardhana Prayudi', 'L', '10.B', 2),
(0, 212210192, 'Zainal Abidin', 'L', '10.B', 2),
(0, 212210193, 'Zaskia Arini', 'P', '10.A', 1),
(0, 212210194, 'Zazkia Zahra', 'P', '10.C', 3),
(0, 212210195, 'Zulfa Hasanul Karim', 'L', '10.E', 5),
(0, 212210196, 'Tyas Cahaya Putri', 'P', '10.A', 1);

-- --------------------------------------------------------

--
-- Table structure for table `t_user`
--

CREATE TABLE `t_user` (
  `id_user` varchar(30) NOT NULL,
  `nama_lengkap` varchar(100) NOT NULL,
  `username` varchar(100) NOT NULL,
  `password` varchar(100) NOT NULL,
  `email` varchar(100) NOT NULL,
  `usertype` varchar(10) NOT NULL
) ENGINE=InnoDB DEFAULT CHARSET=utf8mb4;

--
-- Dumping data for table `t_user`
--

INSERT INTO `t_user` (`id_user`, `nama_lengkap`, `username`, `password`, `email`, `usertype`) VALUES
('USER003', 'sahrul', 'sahruli', 'sahruli', 'sahruli', 'admin'),
('USER010', 'sahruli', 'sahruli', 'sahruli', 'sahruli', 'guru'),
('USER011', 'sahruli', 'sahruli', 'sahruli', 'sahruli', 'siswa');

--
-- Indexes for dumped tables
--

--
-- Indexes for table `t_absen`
--
ALTER TABLE `t_absen`
  ADD PRIMARY KEY (`nis_siswa`),
  ADD KEY `nis_siswa` (`nis_siswa`);

--
-- Indexes for table `t_guru`
--
ALTER TABLE `t_guru`
  ADD PRIMARY KEY (`id_guru`);

--
-- Indexes for table `t_kelas`
--
ALTER TABLE `t_kelas`
  ADD PRIMARY KEY (`id`);

--
-- Indexes for table `t_mapel`
--
ALTER TABLE `t_mapel`
  ADD PRIMARY KEY (`kd_mapel`);

--
-- Indexes for table `t_nilai_siswa`
--
ALTER TABLE `t_nilai_siswa`
  ADD PRIMARY KEY (`id_nilai_siswa`),
  ADD KEY `t_nilai_siswa_ibfk_1` (`nis`);

--
-- Indexes for table `t_siswa`
--
ALTER TABLE `t_siswa`
  ADD UNIQUE KEY `NIS` (`NIS`),
  ADD KEY `nama_siswa` (`nama_siswa`),
  ADD KEY `id_kelas` (`id_kelas`);

--
-- Indexes for table `t_user`
--
ALTER TABLE `t_user`
  ADD PRIMARY KEY (`id_user`);

--
-- AUTO_INCREMENT for dumped tables
--

--
-- AUTO_INCREMENT for table `t_guru`
--
ALTER TABLE `t_guru`
  MODIFY `id_guru` int(30) NOT NULL AUTO_INCREMENT, AUTO_INCREMENT=30;

--
-- AUTO_INCREMENT for table `t_kelas`
--
ALTER TABLE `t_kelas`
  MODIFY `id` int(30) NOT NULL AUTO_INCREMENT, AUTO_INCREMENT=16;

--
-- Constraints for dumped tables
--

--
-- Constraints for table `t_absen`
--
ALTER TABLE `t_absen`
  ADD CONSTRAINT `t_absen_ibfk_1` FOREIGN KEY (`nis_siswa`) REFERENCES `t_siswa` (`NIS`);

--
-- Constraints for table `t_nilai_siswa`
--
ALTER TABLE `t_nilai_siswa`
  ADD CONSTRAINT `t_nilai_siswa_ibfk_1` FOREIGN KEY (`nis`) REFERENCES `t_siswa` (`NIS`) ON DELETE CASCADE ON UPDATE CASCADE;

--
-- Constraints for table `t_siswa`
--
ALTER TABLE `t_siswa`
  ADD CONSTRAINT `t_siswa_ibfk_1` FOREIGN KEY (`id_kelas`) REFERENCES `t_kelas` (`id`) ON DELETE CASCADE ON UPDATE CASCADE;
COMMIT;

/*!40101 SET CHARACTER_SET_CLIENT=@OLD_CHARACTER_SET_CLIENT */;
/*!40101 SET CHARACTER_SET_RESULTS=@OLD_CHARACTER_SET_RESULTS */;
/*!40101 SET COLLATION_CONNECTION=@OLD_COLLATION_CONNECTION */;
